FunctionType,1,ObjectType
FunctionType_ParameterSet,2,Object
FunctionType_ParameterSet_ParameterIdentifier,3,Variable
FunctionType_MethodSet,4,Object
FunctionType_GroupIdentifier,5,Object
FunctionType_GroupIdentifier_UIElement,6,Variable
FunctionType_Identification,7,Object
FunctionType_Identification_UIElement,8,Variable
FunctionType_Lock,9,Object
FunctionType_Lock_Locked,10,Variable
FunctionType_Lock_LockingClient,11,Variable
FunctionType_Lock_LockingUser,12,Variable
FunctionType_Lock_RemainingLockTime,13,Variable
FunctionType_Lock_InitLock,14,Method
FunctionType_Lock_InitLock_InputArguments,15,Variable
FunctionType_Lock_InitLock_OutputArguments,16,Variable
FunctionType_Lock_RenewLock,17,Method
FunctionType_Lock_RenewLock_OutputArguments,18,Variable
FunctionType_Lock_ExitLock,19,Method
FunctionType_Lock_ExitLock_OutputArguments,20,Variable
FunctionType_Lock_BreakLock,21,Method
FunctionType_Lock_BreakLock_OutputArguments,22,Variable
FunctionType_Configuration,23,Object
FunctionType_Configuration_UIElement,24,Variable
FunctionType_FunctionSet,25,Object
FunctionType_Enabled,26,Variable
FunctionSetType,27,ObjectType
FunctionalUnitType,28,ObjectType
FunctionalUnitType_ParameterSet,29,Object
FunctionalUnitType_ParameterSet_ParameterIdentifier,30,Variable
FunctionalUnitType_MethodSet,31,Object
FunctionalUnitType_GroupIdentifier,32,Object
FunctionalUnitType_GroupIdentifier_UIElement,33,Variable
FunctionalUnitType_Identification,34,Object
FunctionalUnitType_Identification_UIElement,35,Variable
FunctionalUnitType_Lock,36,Object
FunctionalUnitType_Lock_Locked,37,Variable
FunctionalUnitType_Lock_LockingClient,38,Variable
FunctionalUnitType_Lock_LockingUser,39,Variable
FunctionalUnitType_Lock_RemainingLockTime,40,Variable
FunctionalUnitType_Lock_InitLock,41,Method
FunctionalUnitType_Lock_InitLock_InputArguments,42,Variable
FunctionalUnitType_Lock_InitLock_OutputArguments,43,Variable
FunctionalUnitType_Lock_RenewLock,44,Method
FunctionalUnitType_Lock_RenewLock_OutputArguments,45,Variable
FunctionalUnitType_Lock_ExitLock,46,Method
FunctionalUnitType_Lock_ExitLock_OutputArguments,47,Variable
FunctionalUnitType_Lock_BreakLock,48,Method
FunctionalUnitType_Lock_BreakLock_OutputArguments,49,Variable
FunctionalUnitType_ComponentName,50,Variable
FunctionalUnitSetType,51,ObjectType
FunctionType_Disabled,52,Unspecified
BaseSensorFunctionType,53,ObjectType
BaseSensorFunctionType_ParameterSet,54,Object
BaseSensorFunctionType_ParameterSet_ParameterIdentifier,55,Variable
BaseSensorFunctionType_MethodSet,56,Object
BaseSensorFunctionType_GroupIdentifier,57,Object
BaseSensorFunctionType_GroupIdentifier_UIElement,58,Variable
BaseSensorFunctionType_Identification,59,Object
BaseSensorFunctionType_Identification_UIElement,60,Variable
BaseSensorFunctionType_Lock,61,Object
BaseSensorFunctionType_Lock_Locked,62,Variable
BaseSensorFunctionType_Lock_LockingClient,63,Variable
BaseSensorFunctionType_Lock_LockingUser,64,Variable
BaseSensorFunctionType_Lock_RemainingLockTime,65,Variable
BaseSensorFunctionType_Lock_InitLock,66,Method
BaseSensorFunctionType_Lock_InitLock_InputArguments,67,Variable
BaseSensorFunctionType_Lock_InitLock_OutputArguments,68,Variable
BaseSensorFunctionType_Lock_RenewLock,69,Method
BaseSensorFunctionType_Lock_RenewLock_OutputArguments,70,Variable
BaseSensorFunctionType_Lock_ExitLock,71,Method
BaseSensorFunctionType_Lock_ExitLock_OutputArguments,72,Variable
BaseSensorFunctionType_Lock_BreakLock,73,Method
BaseSensorFunctionType_Lock_BreakLock_OutputArguments,74,Variable
BaseSensorFunctionType_Configuration,75,Object
BaseSensorFunctionType_Configuration_UIElement,76,Variable
BaseSensorFunctionType_FunctionSet,77,Object
BaseSensorFunctionType_Enabled,78,Variable
BaseSensorFunctionType_AlarmMonitor,79,Object
BaseSensorFunctionType_AlarmMonitor_EventId,80,Variable
BaseSensorFunctionType_AlarmMonitor_EventType,81,Variable
BaseSensorFunctionType_AlarmMonitor_SourceNode,82,Variable
BaseSensorFunctionType_AlarmMonitor_SourceName,83,Variable
BaseSensorFunctionType_AlarmMonitor_Time,84,Variable
BaseSensorFunctionType_AlarmMonitor_ReceiveTime,85,Variable
BaseSensorFunctionType_AlarmMonitor_LocalTime,86,Variable
BaseSensorFunctionType_AlarmMonitor_Message,87,Variable
BaseSensorFunctionType_AlarmMonitor_Severity,88,Variable
BaseSensorFunctionType_AlarmMonitor_ConditionClassId,89,Variable
BaseSensorFunctionType_AlarmMonitor_ConditionClassName,90,Variable
BaseSensorFunctionType_AlarmMonitor_ConditionSubClassId,91,Variable
BaseSensorFunctionType_AlarmMonitor_ConditionSubClassName,92,Variable
BaseSensorFunctionType_AlarmMonitor_ConditionName,93,Variable
BaseSensorFunctionType_AlarmMonitor_BranchId,94,Variable
BaseSensorFunctionType_AlarmMonitor_Retain,95,Variable
BaseSensorFunctionType_AlarmMonitor_EnabledState,96,Variable
BaseSensorFunctionType_AlarmMonitor_EnabledState_Id,97,Variable
BaseSensorFunctionType_AlarmMonitor_EnabledState_Name,98,Variable
BaseSensorFunctionType_AlarmMonitor_EnabledState_Number,99,Variable
BaseSensorFunctionType_AlarmMonitor_EnabledState_EffectiveDisplayName,100,Variable
BaseSensorFunctionType_AlarmMonitor_EnabledState_TransitionTime,101,Variable
BaseSensorFunctionType_AlarmMonitor_EnabledState_EffectiveTransitionTime,102,Variable
BaseSensorFunctionType_AlarmMonitor_EnabledState_TrueState,103,Variable
BaseSensorFunctionType_AlarmMonitor_EnabledState_FalseState,104,Variable
BaseSensorFunctionType_AlarmMonitor_Quality,105,Variable
BaseSensorFunctionType_AlarmMonitor_Quality_SourceTimestamp,106,Variable
BaseSensorFunctionType_AlarmMonitor_LastSeverity,107,Variable
BaseSensorFunctionType_AlarmMonitor_LastSeverity_SourceTimestamp,108,Variable
BaseSensorFunctionType_AlarmMonitor_Comment,109,Variable
BaseSensorFunctionType_AlarmMonitor_Comment_SourceTimestamp,110,Variable
BaseSensorFunctionType_AlarmMonitor_ClientUserId,111,Variable
BaseSensorFunctionType_AlarmMonitor_Disable,112,Method
BaseSensorFunctionType_AlarmMonitor_Enable,113,Method
BaseSensorFunctionType_AlarmMonitor_AddComment,114,Method
BaseSensorFunctionType_AlarmMonitor_AddComment_InputArguments,115,Variable
BaseSensorFunctionType_AlarmMonitor_AckedState,116,Variable
BaseSensorFunctionType_AlarmMonitor_AckedState_Id,117,Variable
BaseSensorFunctionType_AlarmMonitor_AckedState_Name,118,Variable
BaseSensorFunctionType_AlarmMonitor_AckedState_Number,119,Variable
BaseSensorFunctionType_AlarmMonitor_AckedState_EffectiveDisplayName,120,Variable
BaseSensorFunctionType_AlarmMonitor_AckedState_TransitionTime,121,Variable
BaseSensorFunctionType_AlarmMonitor_AckedState_EffectiveTransitionTime,122,Variable
BaseSensorFunctionType_AlarmMonitor_AckedState_TrueState,123,Variable
BaseSensorFunctionType_AlarmMonitor_AckedState_FalseState,124,Variable
BaseSensorFunctionType_AlarmMonitor_ConfirmedState,125,Variable
BaseSensorFunctionType_AlarmMonitor_ConfirmedState_Id,126,Variable
BaseSensorFunctionType_AlarmMonitor_ConfirmedState_Name,127,Variable
BaseSensorFunctionType_AlarmMonitor_ConfirmedState_Number,128,Variable
BaseSensorFunctionType_AlarmMonitor_ConfirmedState_EffectiveDisplayName,129,Variable
BaseSensorFunctionType_AlarmMonitor_ConfirmedState_TransitionTime,130,Variable
BaseSensorFunctionType_AlarmMonitor_ConfirmedState_EffectiveTransitionTime,131,Variable
BaseSensorFunctionType_AlarmMonitor_ConfirmedState_TrueState,132,Variable
BaseSensorFunctionType_AlarmMonitor_ConfirmedState_FalseState,133,Variable
BaseSensorFunctionType_AlarmMonitor_Acknowledge,134,Method
BaseSensorFunctionType_AlarmMonitor_Acknowledge_InputArguments,135,Variable
BaseSensorFunctionType_AlarmMonitor_Confirm,136,Method
BaseSensorFunctionType_AlarmMonitor_Confirm_InputArguments,137,Variable
BaseSensorFunctionType_AlarmMonitor_ActiveState,138,Variable
BaseSensorFunctionType_AlarmMonitor_ActiveState_Id,139,Variable
BaseSensorFunctionType_AlarmMonitor_ActiveState_Name,140,Variable
BaseSensorFunctionType_AlarmMonitor_ActiveState_Number,141,Variable
BaseSensorFunctionType_AlarmMonitor_ActiveState_EffectiveDisplayName,142,Variable
BaseSensorFunctionType_AlarmMonitor_ActiveState_TransitionTime,143,Variable
BaseSensorFunctionType_AlarmMonitor_ActiveState_EffectiveTransitionTime,144,Variable
BaseSensorFunctionType_AlarmMonitor_ActiveState_TrueState,145,Variable
BaseSensorFunctionType_AlarmMonitor_ActiveState_FalseState,146,Variable
BaseSensorFunctionType_AlarmMonitor_InputNode,147,Variable
BaseSensorFunctionType_AlarmMonitor_SuppressedState,148,Variable
BaseSensorFunctionType_AlarmMonitor_SuppressedState_Id,149,Variable
BaseSensorFunctionType_AlarmMonitor_SuppressedState_Name,150,Variable
BaseSensorFunctionType_AlarmMonitor_SuppressedState_Number,151,Variable
BaseSensorFunctionType_AlarmMonitor_SuppressedState_EffectiveDisplayName,152,Variable
BaseSensorFunctionType_AlarmMonitor_SuppressedState_TransitionTime,153,Variable
BaseSensorFunctionType_AlarmMonitor_SuppressedState_EffectiveTransitionTime,154,Variable
BaseSensorFunctionType_AlarmMonitor_SuppressedState_TrueState,155,Variable
BaseSensorFunctionType_AlarmMonitor_SuppressedState_FalseState,156,Variable
BaseSensorFunctionType_AlarmMonitor_OutOfServiceState,157,Variable
BaseSensorFunctionType_AlarmMonitor_OutOfServiceState_Id,158,Variable
BaseSensorFunctionType_AlarmMonitor_OutOfServiceState_Name,159,Variable
BaseSensorFunctionType_AlarmMonitor_OutOfServiceState_Number,160,Variable
BaseSensorFunctionType_AlarmMonitor_OutOfServiceState_EffectiveDisplayName,161,Variable
BaseSensorFunctionType_AlarmMonitor_OutOfServiceState_TransitionTime,162,Variable
BaseSensorFunctionType_AlarmMonitor_OutOfServiceState_EffectiveTransitionTime,163,Variable
BaseSensorFunctionType_AlarmMonitor_OutOfServiceState_TrueState,164,Variable
BaseSensorFunctionType_AlarmMonitor_OutOfServiceState_FalseState,165,Variable
BaseSensorFunctionType_AlarmMonitor_ShelvingState,166,Object
BaseSensorFunctionType_AlarmMonitor_ShelvingState_CurrentState,167,Variable
BaseSensorFunctionType_AlarmMonitor_ShelvingState_CurrentState_Id,168,Variable
BaseSensorFunctionType_AlarmMonitor_ShelvingState_CurrentState_Name,169,Variable
BaseSensorFunctionType_AlarmMonitor_ShelvingState_CurrentState_Number,170,Variable
BaseSensorFunctionType_AlarmMonitor_ShelvingState_CurrentState_EffectiveDisplayName,171,Variable
BaseSensorFunctionType_AlarmMonitor_ShelvingState_LastTransition,172,Variable
BaseSensorFunctionType_AlarmMonitor_ShelvingState_LastTransition_Id,173,Variable
BaseSensorFunctionType_AlarmMonitor_ShelvingState_LastTransition_Name,174,Variable
BaseSensorFunctionType_AlarmMonitor_ShelvingState_LastTransition_Number,175,Variable
BaseSensorFunctionType_AlarmMonitor_ShelvingState_LastTransition_TransitionTime,176,Variable
BaseSensorFunctionType_AlarmMonitor_ShelvingState_LastTransition_EffectiveTransitionTime,177,Variable
BaseSensorFunctionType_AlarmMonitor_ShelvingState_AvailableStates,178,Variable
BaseSensorFunctionType_AlarmMonitor_ShelvingState_AvailableTransitions,179,Variable
BaseSensorFunctionType_AlarmMonitor_ShelvingState_UnshelveTime,180,Variable
BaseSensorFunctionType_AlarmMonitor_ShelvingState_TimedShelve,181,Method
BaseSensorFunctionType_AlarmMonitor_ShelvingState_TimedShelve_InputArguments,182,Variable
BaseSensorFunctionType_AlarmMonitor_ShelvingState_Unshelve,183,Method
BaseSensorFunctionType_AlarmMonitor_ShelvingState_OneShotShelve,184,Method
BaseSensorFunctionType_AlarmMonitor_SuppressedOrShelved,185,Variable
BaseSensorFunctionType_AlarmMonitor_MaxTimeShelved,186,Variable
BaseSensorFunctionType_AlarmMonitor_AudibleEnabled,187,Variable
BaseSensorFunctionType_AlarmMonitor_AudibleSound,188,Variable
BaseSensorFunctionType_AlarmMonitor_AudibleSound_ListId,189,Variable
BaseSensorFunctionType_AlarmMonitor_AudibleSound_AgencyId,190,Variable
BaseSensorFunctionType_AlarmMonitor_AudibleSound_VersionId,191,Variable
BaseSensorFunctionType_AlarmMonitor_SilenceState,192,Variable
BaseSensorFunctionType_AlarmMonitor_SilenceState_Id,193,Variable
BaseSensorFunctionType_AlarmMonitor_SilenceState_Name,194,Variable
BaseSensorFunctionType_AlarmMonitor_SilenceState_Number,195,Variable
BaseSensorFunctionType_AlarmMonitor_SilenceState_EffectiveDisplayName,196,Variable
BaseSensorFunctionType_AlarmMonitor_SilenceState_TransitionTime,197,Variable
BaseSensorFunctionType_AlarmMonitor_SilenceState_EffectiveTransitionTime,198,Variable
BaseSensorFunctionType_AlarmMonitor_SilenceState_TrueState,199,Variable
BaseSensorFunctionType_AlarmMonitor_SilenceState_FalseState,200,Variable
BaseSensorFunctionType_AlarmMonitor_OnDelay,201,Variable
BaseSensorFunctionType_AlarmMonitor_OffDelay,202,Variable
BaseSensorFunctionType_AlarmMonitor_FirstInGroupFlag,203,Variable
BaseSensorFunctionType_AlarmMonitor_FirstInGroup,204,Object
BaseSensorFunctionType_AlarmMonitor_LatchedState,205,Variable
BaseSensorFunctionType_AlarmMonitor_LatchedState_Id,206,Variable
BaseSensorFunctionType_AlarmMonitor_LatchedState_Name,207,Variable
BaseSensorFunctionType_AlarmMonitor_LatchedState_Number,208,Variable
BaseSensorFunctionType_AlarmMonitor_LatchedState_EffectiveDisplayName,209,Variable
BaseSensorFunctionType_AlarmMonitor_LatchedState_TransitionTime,210,Variable
BaseSensorFunctionType_AlarmMonitor_LatchedState_EffectiveTransitionTime,211,Variable
BaseSensorFunctionType_AlarmMonitor_LatchedState_TrueState,212,Variable
BaseSensorFunctionType_AlarmMonitor_LatchedState_FalseState,213,Variable
BaseSensorFunctionType_AlarmMonitor_ReAlarmTime,214,Variable
BaseSensorFunctionType_AlarmMonitor_ReAlarmRepeatCount,215,Variable
BaseSensorFunctionType_AlarmMonitor_Silence,216,Method
BaseSensorFunctionType_AlarmMonitor_Suppress,217,Method
BaseSensorFunctionType_AlarmMonitor_Unsuppress,218,Method
BaseSensorFunctionType_AlarmMonitor_RemoveFromService,219,Method
BaseSensorFunctionType_AlarmMonitor_PlaceInService,220,Method
BaseSensorFunctionType_AlarmMonitor_Reset,221,Method
BaseSensorFunctionType_AlarmMonitor_HighHighLimit,222,Variable
BaseSensorFunctionType_AlarmMonitor_HighLimit,223,Variable
BaseSensorFunctionType_AlarmMonitor_LowLimit,224,Variable
BaseSensorFunctionType_AlarmMonitor_LowLowLimit,225,Variable
BaseSensorFunctionType_AlarmMonitor_BaseHighHighLimit,226,Variable
BaseSensorFunctionType_AlarmMonitor_BaseHighLimit,227,Variable
BaseSensorFunctionType_AlarmMonitor_BaseLowLimit,228,Variable
BaseSensorFunctionType_AlarmMonitor_BaseLowLowLimit,229,Variable
BaseSensorFunctionType_AlarmMonitor_LimitState,230,Object
BaseSensorFunctionType_AlarmMonitor_LimitState_CurrentState,231,Variable
BaseSensorFunctionType_AlarmMonitor_LimitState_CurrentState_Id,232,Variable
BaseSensorFunctionType_AlarmMonitor_LimitState_CurrentState_Name,233,Variable
BaseSensorFunctionType_AlarmMonitor_LimitState_CurrentState_Number,234,Variable
BaseSensorFunctionType_AlarmMonitor_LimitState_CurrentState_EffectiveDisplayName,235,Variable
BaseSensorFunctionType_AlarmMonitor_LimitState_LastTransition,236,Variable
BaseSensorFunctionType_AlarmMonitor_LimitState_LastTransition_Id,237,Variable
BaseSensorFunctionType_AlarmMonitor_LimitState_LastTransition_Name,238,Variable
BaseSensorFunctionType_AlarmMonitor_LimitState_LastTransition_Number,239,Variable
BaseSensorFunctionType_AlarmMonitor_LimitState_LastTransition_TransitionTime,240,Variable
BaseSensorFunctionType_AlarmMonitor_LimitState_LastTransition_EffectiveTransitionTime,241,Variable
BaseSensorFunctionType_AlarmMonitor_LimitState_AvailableStates,242,Variable
BaseSensorFunctionType_AlarmMonitor_LimitState_AvailableTransitions,243,Variable
BaseSensorFunctionParameterSetType,244,ObjectType
BaseSensorFunctionParameterSetType_CalibrationValues,245,Variable
BaseSensorFunctionParameterSetType_CompensationValue,246,Variable
BaseSensorFunctionParameterSetType_CompensationValue_Definition,247,Variable
BaseSensorFunctionParameterSetType_CompensationValue_ValuePrecision,248,Variable
BaseSensorFunctionParameterSetType_CompensationValue_InstrumentRange,249,Variable
BaseSensorFunctionParameterSetType_CompensationValue_EURange,250,Variable
BaseSensorFunctionParameterSetType_CompensationValue_EngineeringUnits,251,Variable
BaseSensorFunctionParameterSetType_Damping,252,Variable
BaseSensorFunctionType_Operational,253,Object
BaseSensorFunctionType_Operational_UIElement,254,Variable
BaseSensorFunctionType_ParameterSet_CalibrationValues,255,Variable
BaseSensorFunctionType_ParameterSet_CompensationValue,256,Variable
BaseSensorFunctionType_ParameterSet_CompensationValue_Definition,257,Variable
BaseSensorFunctionType_ParameterSet_CompensationValue_ValuePrecision,258,Variable
BaseSensorFunctionType_ParameterSet_CompensationValue_InstrumentRange,259,Variable
BaseSensorFunctionType_ParameterSet_CompensationValue_EURange,260,Variable
BaseSensorFunctionType_ParameterSet_CompensationValue_EngineeringUnits,261,Variable
BaseSensorFunctionType_ParameterSet_Damping,262,Variable
BaseSensorFunctionType_Tuning,263,Object
BaseSensorFunctionType_Tuning_UIElement,264,Variable
BaseSensorFunctionParameterSetType_RawValue,265,Unspecified
BaseSensorFunctionParameterSetType_RawValue_Definition,266,Unspecified
BaseSensorFunctionParameterSetType_RawValue_ValuePrecision,267,Unspecified
BaseSensorFunctionParameterSetType_RawValue_InstrumentRange,268,Unspecified
BaseSensorFunctionParameterSetType_RawValue_EURange,269,Unspecified
BaseSensorFunctionParameterSetType_RawValue_EngineeringUnits,270,Unspecified
BaseSensorFunctionParameterSetType_SensorValue,271,Unspecified
BaseSensorFunctionParameterSetType_SensorValue_Definition,272,Unspecified
BaseSensorFunctionParameterSetType_SensorValue_ValuePrecision,273,Unspecified
BaseSensorFunctionParameterSetType_SensorValue_InstrumentRange,274,Unspecified
BaseSensorFunctionParameterSetType_SensorValue_EURange,275,Unspecified
BaseSensorFunctionParameterSetType_SensorValue_EngineeringUnits,276,Unspecified
BaseSensorFunctionType_ParameterSet_RawValue,277,Unspecified
BaseSensorFunctionType_ParameterSet_RawValue_Definition,278,Unspecified
BaseSensorFunctionType_ParameterSet_RawValue_ValuePrecision,279,Unspecified
BaseSensorFunctionType_ParameterSet_RawValue_InstrumentRange,280,Unspecified
BaseSensorFunctionType_ParameterSet_RawValue_EURange,281,Unspecified
BaseSensorFunctionType_ParameterSet_RawValue_EngineeringUnits,282,Unspecified
BaseSensorFunctionType_ParameterSet_SensorValue,283,Unspecified
BaseSensorFunctionType_ParameterSet_SensorValue_Definition,284,Unspecified
BaseSensorFunctionType_ParameterSet_SensorValue_ValuePrecision,285,Unspecified
BaseSensorFunctionType_ParameterSet_SensorValue_InstrumentRange,286,Unspecified
BaseSensorFunctionType_ParameterSet_SensorValue_EURange,287,Unspecified
BaseSensorFunctionType_ParameterSet_SensorValue_EngineeringUnits,288,Unspecified
AnalogSensorFunctionType,289,ObjectType
AnalogSensorFunctionType_ParameterSet,290,Object
AnalogSensorFunctionType_ParameterSet_ParameterIdentifier,291,Variable
AnalogSensorFunctionType_MethodSet,292,Object
AnalogSensorFunctionType_GroupIdentifier,293,Object
AnalogSensorFunctionType_GroupIdentifier_UIElement,294,Variable
AnalogSensorFunctionType_Identification,295,Object
AnalogSensorFunctionType_Identification_UIElement,296,Variable
AnalogSensorFunctionType_Lock,297,Object
AnalogSensorFunctionType_Lock_Locked,298,Variable
AnalogSensorFunctionType_Lock_LockingClient,299,Variable
AnalogSensorFunctionType_Lock_LockingUser,300,Variable
AnalogSensorFunctionType_Lock_RemainingLockTime,301,Variable
AnalogSensorFunctionType_Lock_InitLock,302,Method
AnalogSensorFunctionType_Lock_InitLock_InputArguments,303,Variable
AnalogSensorFunctionType_Lock_InitLock_OutputArguments,304,Variable
AnalogSensorFunctionType_Lock_RenewLock,305,Method
AnalogSensorFunctionType_Lock_RenewLock_OutputArguments,306,Variable
AnalogSensorFunctionType_Lock_ExitLock,307,Method
AnalogSensorFunctionType_Lock_ExitLock_OutputArguments,308,Variable
AnalogSensorFunctionType_Lock_BreakLock,309,Method
AnalogSensorFunctionType_Lock_BreakLock_OutputArguments,310,Variable
AnalogSensorFunctionType_Configuration,311,Object
AnalogSensorFunctionType_Configuration_UIElement,312,Variable
AnalogSensorFunctionType_FunctionSet,313,Object
AnalogSensorFunctionType_Enabled,314,Variable
AnalogSensorFunctionType_AlarmMonitor,315,Object
AnalogSensorFunctionType_AlarmMonitor_EventId,316,Variable
AnalogSensorFunctionType_AlarmMonitor_EventType,317,Variable
AnalogSensorFunctionType_AlarmMonitor_SourceNode,318,Variable
AnalogSensorFunctionType_AlarmMonitor_SourceName,319,Variable
AnalogSensorFunctionType_AlarmMonitor_Time,320,Variable
AnalogSensorFunctionType_AlarmMonitor_ReceiveTime,321,Variable
AnalogSensorFunctionType_AlarmMonitor_LocalTime,322,Variable
AnalogSensorFunctionType_AlarmMonitor_Message,323,Variable
AnalogSensorFunctionType_AlarmMonitor_Severity,324,Variable
AnalogSensorFunctionType_AlarmMonitor_ConditionClassId,325,Variable
AnalogSensorFunctionType_AlarmMonitor_ConditionClassName,326,Variable
AnalogSensorFunctionType_AlarmMonitor_ConditionSubClassId,327,Variable
AnalogSensorFunctionType_AlarmMonitor_ConditionSubClassName,328,Variable
AnalogSensorFunctionType_AlarmMonitor_ConditionName,329,Variable
AnalogSensorFunctionType_AlarmMonitor_BranchId,330,Variable
AnalogSensorFunctionType_AlarmMonitor_Retain,331,Variable
AnalogSensorFunctionType_AlarmMonitor_EnabledState,332,Variable
AnalogSensorFunctionType_AlarmMonitor_EnabledState_Id,333,Variable
AnalogSensorFunctionType_AlarmMonitor_EnabledState_Name,334,Variable
AnalogSensorFunctionType_AlarmMonitor_EnabledState_Number,335,Variable
AnalogSensorFunctionType_AlarmMonitor_EnabledState_EffectiveDisplayName,336,Variable
AnalogSensorFunctionType_AlarmMonitor_EnabledState_TransitionTime,337,Variable
AnalogSensorFunctionType_AlarmMonitor_EnabledState_EffectiveTransitionTime,338,Variable
AnalogSensorFunctionType_AlarmMonitor_EnabledState_TrueState,339,Variable
AnalogSensorFunctionType_AlarmMonitor_EnabledState_FalseState,340,Variable
AnalogSensorFunctionType_AlarmMonitor_Quality,341,Variable
AnalogSensorFunctionType_AlarmMonitor_Quality_SourceTimestamp,342,Variable
AnalogSensorFunctionType_AlarmMonitor_LastSeverity,343,Variable
AnalogSensorFunctionType_AlarmMonitor_LastSeverity_SourceTimestamp,344,Variable
AnalogSensorFunctionType_AlarmMonitor_Comment,345,Variable
AnalogSensorFunctionType_AlarmMonitor_Comment_SourceTimestamp,346,Variable
AnalogSensorFunctionType_AlarmMonitor_ClientUserId,347,Variable
AnalogSensorFunctionType_AlarmMonitor_Disable,348,Method
AnalogSensorFunctionType_AlarmMonitor_Enable,349,Method
AnalogSensorFunctionType_AlarmMonitor_AddComment,350,Method
AnalogSensorFunctionType_AlarmMonitor_AddComment_InputArguments,351,Variable
AnalogSensorFunctionType_AlarmMonitor_AckedState,352,Variable
AnalogSensorFunctionType_AlarmMonitor_AckedState_Id,353,Variable
AnalogSensorFunctionType_AlarmMonitor_AckedState_Name,354,Variable
AnalogSensorFunctionType_AlarmMonitor_AckedState_Number,355,Variable
AnalogSensorFunctionType_AlarmMonitor_AckedState_EffectiveDisplayName,356,Variable
AnalogSensorFunctionType_AlarmMonitor_AckedState_TransitionTime,357,Variable
AnalogSensorFunctionType_AlarmMonitor_AckedState_EffectiveTransitionTime,358,Variable
AnalogSensorFunctionType_AlarmMonitor_AckedState_TrueState,359,Variable
AnalogSensorFunctionType_AlarmMonitor_AckedState_FalseState,360,Variable
AnalogSensorFunctionType_AlarmMonitor_ConfirmedState,361,Variable
AnalogSensorFunctionType_AlarmMonitor_ConfirmedState_Id,362,Variable
AnalogSensorFunctionType_AlarmMonitor_ConfirmedState_Name,363,Variable
AnalogSensorFunctionType_AlarmMonitor_ConfirmedState_Number,364,Variable
AnalogSensorFunctionType_AlarmMonitor_ConfirmedState_EffectiveDisplayName,365,Variable
AnalogSensorFunctionType_AlarmMonitor_ConfirmedState_TransitionTime,366,Variable
AnalogSensorFunctionType_AlarmMonitor_ConfirmedState_EffectiveTransitionTime,367,Variable
AnalogSensorFunctionType_AlarmMonitor_ConfirmedState_TrueState,368,Variable
AnalogSensorFunctionType_AlarmMonitor_ConfirmedState_FalseState,369,Variable
AnalogSensorFunctionType_AlarmMonitor_Acknowledge,370,Method
AnalogSensorFunctionType_AlarmMonitor_Acknowledge_InputArguments,371,Variable
AnalogSensorFunctionType_AlarmMonitor_Confirm,372,Method
AnalogSensorFunctionType_AlarmMonitor_Confirm_InputArguments,373,Variable
AnalogSensorFunctionType_AlarmMonitor_ActiveState,374,Variable
AnalogSensorFunctionType_AlarmMonitor_ActiveState_Id,375,Variable
AnalogSensorFunctionType_AlarmMonitor_ActiveState_Name,376,Variable
AnalogSensorFunctionType_AlarmMonitor_ActiveState_Number,377,Variable
AnalogSensorFunctionType_AlarmMonitor_ActiveState_EffectiveDisplayName,378,Variable
AnalogSensorFunctionType_AlarmMonitor_ActiveState_TransitionTime,379,Variable
AnalogSensorFunctionType_AlarmMonitor_ActiveState_EffectiveTransitionTime,380,Variable
AnalogSensorFunctionType_AlarmMonitor_ActiveState_TrueState,381,Variable
AnalogSensorFunctionType_AlarmMonitor_ActiveState_FalseState,382,Variable
AnalogSensorFunctionType_AlarmMonitor_InputNode,383,Variable
AnalogSensorFunctionType_AlarmMonitor_SuppressedState,384,Variable
AnalogSensorFunctionType_AlarmMonitor_SuppressedState_Id,385,Variable
AnalogSensorFunctionType_AlarmMonitor_SuppressedState_Name,386,Variable
AnalogSensorFunctionType_AlarmMonitor_SuppressedState_Number,387,Variable
AnalogSensorFunctionType_AlarmMonitor_SuppressedState_EffectiveDisplayName,388,Variable
AnalogSensorFunctionType_AlarmMonitor_SuppressedState_TransitionTime,389,Variable
AnalogSensorFunctionType_AlarmMonitor_SuppressedState_EffectiveTransitionTime,390,Variable
AnalogSensorFunctionType_AlarmMonitor_SuppressedState_TrueState,391,Variable
AnalogSensorFunctionType_AlarmMonitor_SuppressedState_FalseState,392,Variable
AnalogSensorFunctionType_AlarmMonitor_OutOfServiceState,393,Variable
AnalogSensorFunctionType_AlarmMonitor_OutOfServiceState_Id,394,Variable
AnalogSensorFunctionType_AlarmMonitor_OutOfServiceState_Name,395,Variable
AnalogSensorFunctionType_AlarmMonitor_OutOfServiceState_Number,396,Variable
AnalogSensorFunctionType_AlarmMonitor_OutOfServiceState_EffectiveDisplayName,397,Variable
AnalogSensorFunctionType_AlarmMonitor_OutOfServiceState_TransitionTime,398,Variable
AnalogSensorFunctionType_AlarmMonitor_OutOfServiceState_EffectiveTransitionTime,399,Variable
AnalogSensorFunctionType_AlarmMonitor_OutOfServiceState_TrueState,400,Variable
AnalogSensorFunctionType_AlarmMonitor_OutOfServiceState_FalseState,401,Variable
AnalogSensorFunctionType_AlarmMonitor_ShelvingState,402,Object
AnalogSensorFunctionType_AlarmMonitor_ShelvingState_CurrentState,403,Variable
AnalogSensorFunctionType_AlarmMonitor_ShelvingState_CurrentState_Id,404,Variable
AnalogSensorFunctionType_AlarmMonitor_ShelvingState_CurrentState_Name,405,Variable
AnalogSensorFunctionType_AlarmMonitor_ShelvingState_CurrentState_Number,406,Variable
AnalogSensorFunctionType_AlarmMonitor_ShelvingState_CurrentState_EffectiveDisplayName,407,Variable
AnalogSensorFunctionType_AlarmMonitor_ShelvingState_LastTransition,408,Variable
AnalogSensorFunctionType_AlarmMonitor_ShelvingState_LastTransition_Id,409,Variable
AnalogSensorFunctionType_AlarmMonitor_ShelvingState_LastTransition_Name,410,Variable
AnalogSensorFunctionType_AlarmMonitor_ShelvingState_LastTransition_Number,411,Variable
AnalogSensorFunctionType_AlarmMonitor_ShelvingState_LastTransition_TransitionTime,412,Variable
AnalogSensorFunctionType_AlarmMonitor_ShelvingState_LastTransition_EffectiveTransitionTime,413,Variable
AnalogSensorFunctionType_AlarmMonitor_ShelvingState_AvailableStates,414,Variable
AnalogSensorFunctionType_AlarmMonitor_ShelvingState_AvailableTransitions,415,Variable
AnalogSensorFunctionType_AlarmMonitor_ShelvingState_UnshelveTime,416,Variable
AnalogSensorFunctionType_AlarmMonitor_ShelvingState_TimedShelve,417,Method
AnalogSensorFunctionType_AlarmMonitor_ShelvingState_TimedShelve_InputArguments,418,Variable
AnalogSensorFunctionType_AlarmMonitor_ShelvingState_Unshelve,419,Method
AnalogSensorFunctionType_AlarmMonitor_ShelvingState_OneShotShelve,420,Method
AnalogSensorFunctionType_AlarmMonitor_SuppressedOrShelved,421,Variable
AnalogSensorFunctionType_AlarmMonitor_MaxTimeShelved,422,Variable
AnalogSensorFunctionType_AlarmMonitor_AudibleEnabled,423,Variable
AnalogSensorFunctionType_AlarmMonitor_AudibleSound,424,Variable
AnalogSensorFunctionType_AlarmMonitor_AudibleSound_ListId,425,Variable
AnalogSensorFunctionType_AlarmMonitor_AudibleSound_AgencyId,426,Variable
AnalogSensorFunctionType_AlarmMonitor_AudibleSound_VersionId,427,Variable
AnalogSensorFunctionType_AlarmMonitor_SilenceState,428,Variable
AnalogSensorFunctionType_AlarmMonitor_SilenceState_Id,429,Variable
AnalogSensorFunctionType_AlarmMonitor_SilenceState_Name,430,Variable
AnalogSensorFunctionType_AlarmMonitor_SilenceState_Number,431,Variable
AnalogSensorFunctionType_AlarmMonitor_SilenceState_EffectiveDisplayName,432,Variable
AnalogSensorFunctionType_AlarmMonitor_SilenceState_TransitionTime,433,Variable
AnalogSensorFunctionType_AlarmMonitor_SilenceState_EffectiveTransitionTime,434,Variable
AnalogSensorFunctionType_AlarmMonitor_SilenceState_TrueState,435,Variable
AnalogSensorFunctionType_AlarmMonitor_SilenceState_FalseState,436,Variable
AnalogSensorFunctionType_AlarmMonitor_OnDelay,437,Variable
AnalogSensorFunctionType_AlarmMonitor_OffDelay,438,Variable
AnalogSensorFunctionType_AlarmMonitor_FirstInGroupFlag,439,Variable
AnalogSensorFunctionType_AlarmMonitor_FirstInGroup,440,Object
AnalogSensorFunctionType_AlarmMonitor_LatchedState,441,Variable
AnalogSensorFunctionType_AlarmMonitor_LatchedState_Id,442,Variable
AnalogSensorFunctionType_AlarmMonitor_LatchedState_Name,443,Variable
AnalogSensorFunctionType_AlarmMonitor_LatchedState_Number,444,Variable
AnalogSensorFunctionType_AlarmMonitor_LatchedState_EffectiveDisplayName,445,Variable
AnalogSensorFunctionType_AlarmMonitor_LatchedState_TransitionTime,446,Variable
AnalogSensorFunctionType_AlarmMonitor_LatchedState_EffectiveTransitionTime,447,Variable
AnalogSensorFunctionType_AlarmMonitor_LatchedState_TrueState,448,Variable
AnalogSensorFunctionType_AlarmMonitor_LatchedState_FalseState,449,Variable
AnalogSensorFunctionType_AlarmMonitor_ReAlarmTime,450,Variable
AnalogSensorFunctionType_AlarmMonitor_ReAlarmRepeatCount,451,Variable
AnalogSensorFunctionType_AlarmMonitor_Silence,452,Method
AnalogSensorFunctionType_AlarmMonitor_Suppress,453,Method
AnalogSensorFunctionType_AlarmMonitor_Unsuppress,454,Method
AnalogSensorFunctionType_AlarmMonitor_RemoveFromService,455,Method
AnalogSensorFunctionType_AlarmMonitor_PlaceInService,456,Method
AnalogSensorFunctionType_AlarmMonitor_Reset,457,Method
AnalogSensorFunctionType_AlarmMonitor_HighHighLimit,458,Variable
AnalogSensorFunctionType_AlarmMonitor_HighLimit,459,Variable
AnalogSensorFunctionType_AlarmMonitor_LowLimit,460,Variable
AnalogSensorFunctionType_AlarmMonitor_LowLowLimit,461,Variable
AnalogSensorFunctionType_AlarmMonitor_BaseHighHighLimit,462,Variable
AnalogSensorFunctionType_AlarmMonitor_BaseHighLimit,463,Variable
AnalogSensorFunctionType_AlarmMonitor_BaseLowLimit,464,Variable
AnalogSensorFunctionType_AlarmMonitor_BaseLowLowLimit,465,Variable
AnalogSensorFunctionType_AlarmMonitor_LimitState,466,Object
AnalogSensorFunctionType_AlarmMonitor_LimitState_CurrentState,467,Variable
AnalogSensorFunctionType_AlarmMonitor_LimitState_CurrentState_Id,468,Variable
AnalogSensorFunctionType_AlarmMonitor_LimitState_CurrentState_Name,469,Variable
AnalogSensorFunctionType_AlarmMonitor_LimitState_CurrentState_Number,470,Variable
AnalogSensorFunctionType_AlarmMonitor_LimitState_CurrentState_EffectiveDisplayName,471,Variable
AnalogSensorFunctionType_AlarmMonitor_LimitState_LastTransition,472,Variable
AnalogSensorFunctionType_AlarmMonitor_LimitState_LastTransition_Id,473,Variable
AnalogSensorFunctionType_AlarmMonitor_LimitState_LastTransition_Name,474,Variable
AnalogSensorFunctionType_AlarmMonitor_LimitState_LastTransition_Number,475,Variable
AnalogSensorFunctionType_AlarmMonitor_LimitState_LastTransition_TransitionTime,476,Variable
AnalogSensorFunctionType_AlarmMonitor_LimitState_LastTransition_EffectiveTransitionTime,477,Variable
AnalogSensorFunctionType_AlarmMonitor_LimitState_AvailableStates,478,Variable
AnalogSensorFunctionType_AlarmMonitor_LimitState_AvailableTransitions,479,Variable
AnalogSensorFunctionType_Operational,480,Object
AnalogSensorFunctionType_Operational_UIElement,481,Variable
AnalogSensorFunctionType_ParameterSet_CalibrationValues,482,Variable
AnalogSensorFunctionType_ParameterSet_CompensationValue,483,Variable
AnalogSensorFunctionType_ParameterSet_CompensationValue_Definition,484,Variable
AnalogSensorFunctionType_ParameterSet_CompensationValue_ValuePrecision,485,Variable
AnalogSensorFunctionType_ParameterSet_CompensationValue_InstrumentRange,486,Variable
AnalogSensorFunctionType_ParameterSet_CompensationValue_EURange,487,Variable
AnalogSensorFunctionType_ParameterSet_CompensationValue_EngineeringUnits,488,Variable
AnalogSensorFunctionType_ParameterSet_Damping,489,Variable
AnalogSensorFunctionType_ParameterSet_RawValue,490,Unspecified
AnalogSensorFunctionType_ParameterSet_RawValue_Definition,491,Unspecified
AnalogSensorFunctionType_ParameterSet_RawValue_ValuePrecision,492,Unspecified
AnalogSensorFunctionType_ParameterSet_RawValue_InstrumentRange,493,Unspecified
AnalogSensorFunctionType_ParameterSet_RawValue_EURange,494,Unspecified
AnalogSensorFunctionType_ParameterSet_RawValue_EngineeringUnits,495,Unspecified
AnalogSensorFunctionType_ParameterSet_SensorValue,496,Unspecified
AnalogSensorFunctionType_ParameterSet_SensorValue_Definition,497,Unspecified
AnalogSensorFunctionType_ParameterSet_SensorValue_ValuePrecision,498,Unspecified
AnalogSensorFunctionType_ParameterSet_SensorValue_InstrumentRange,499,Unspecified
AnalogSensorFunctionType_ParameterSet_SensorValue_EURange,500,Unspecified
AnalogSensorFunctionType_ParameterSet_SensorValue_EngineeringUnits,501,Unspecified
AnalogSensorFunctionType_Tuning,502,Object
AnalogSensorFunctionType_Tuning_UIElement,503,Variable
AnalogSensorFunctionWithCompensationType,504,ObjectType
AnalogSensorFunctionWithCompensationType_ParameterSet,505,Object
AnalogSensorFunctionWithCompensationType_ParameterSet_ParameterIdentifier,506,Variable
AnalogSensorFunctionWithCompensationType_MethodSet,507,Object
AnalogSensorFunctionWithCompensationType_GroupIdentifier,508,Object
AnalogSensorFunctionWithCompensationType_GroupIdentifier_UIElement,509,Variable
AnalogSensorFunctionWithCompensationType_Identification,510,Object
AnalogSensorFunctionWithCompensationType_Identification_UIElement,511,Variable
AnalogSensorFunctionWithCompensationType_Lock,512,Object
AnalogSensorFunctionWithCompensationType_Lock_Locked,513,Variable
AnalogSensorFunctionWithCompensationType_Lock_LockingClient,514,Variable
AnalogSensorFunctionWithCompensationType_Lock_LockingUser,515,Variable
AnalogSensorFunctionWithCompensationType_Lock_RemainingLockTime,516,Variable
AnalogSensorFunctionWithCompensationType_Lock_InitLock,517,Method
AnalogSensorFunctionWithCompensationType_Lock_InitLock_InputArguments,518,Variable
AnalogSensorFunctionWithCompensationType_Lock_InitLock_OutputArguments,519,Variable
AnalogSensorFunctionWithCompensationType_Lock_RenewLock,520,Method
AnalogSensorFunctionWithCompensationType_Lock_RenewLock_OutputArguments,521,Variable
AnalogSensorFunctionWithCompensationType_Lock_ExitLock,522,Method
AnalogSensorFunctionWithCompensationType_Lock_ExitLock_OutputArguments,523,Variable
AnalogSensorFunctionWithCompensationType_Lock_BreakLock,524,Method
AnalogSensorFunctionWithCompensationType_Lock_BreakLock_OutputArguments,525,Variable
AnalogSensorFunctionWithCompensationType_Configuration,526,Object
AnalogSensorFunctionWithCompensationType_Configuration_UIElement,527,Variable
AnalogSensorFunctionWithCompensationType_FunctionSet,528,Object
AnalogSensorFunctionWithCompensationType_Enabled,529,Variable
AnalogSensorFunctionWithCompensationType_AlarmMonitor,530,Object
AnalogSensorFunctionWithCompensationType_AlarmMonitor_EventId,531,Variable
AnalogSensorFunctionWithCompensationType_AlarmMonitor_EventType,532,Variable
AnalogSensorFunctionWithCompensationType_AlarmMonitor_SourceNode,533,Variable
AnalogSensorFunctionWithCompensationType_AlarmMonitor_SourceName,534,Variable
AnalogSensorFunctionWithCompensationType_AlarmMonitor_Time,535,Variable
AnalogSensorFunctionWithCompensationType_AlarmMonitor_ReceiveTime,536,Variable
AnalogSensorFunctionWithCompensationType_AlarmMonitor_LocalTime,537,Variable
AnalogSensorFunctionWithCompensationType_AlarmMonitor_Message,538,Variable
AnalogSensorFunctionWithCompensationType_AlarmMonitor_Severity,539,Variable
AnalogSensorFunctionWithCompensationType_AlarmMonitor_ConditionClassId,540,Variable
AnalogSensorFunctionWithCompensationType_AlarmMonitor_ConditionClassName,541,Variable
AnalogSensorFunctionWithCompensationType_AlarmMonitor_ConditionSubClassId,542,Variable
AnalogSensorFunctionWithCompensationType_AlarmMonitor_ConditionSubClassName,543,Variable
AnalogSensorFunctionWithCompensationType_AlarmMonitor_ConditionName,544,Variable
AnalogSensorFunctionWithCompensationType_AlarmMonitor_BranchId,545,Variable
AnalogSensorFunctionWithCompensationType_AlarmMonitor_Retain,546,Variable
AnalogSensorFunctionWithCompensationType_AlarmMonitor_EnabledState,547,Variable
AnalogSensorFunctionWithCompensationType_AlarmMonitor_EnabledState_Id,548,Variable
AnalogSensorFunctionWithCompensationType_AlarmMonitor_EnabledState_Name,549,Variable
AnalogSensorFunctionWithCompensationType_AlarmMonitor_EnabledState_Number,550,Variable
AnalogSensorFunctionWithCompensationType_AlarmMonitor_EnabledState_EffectiveDisplayName,551,Variable
AnalogSensorFunctionWithCompensationType_AlarmMonitor_EnabledState_TransitionTime,552,Variable
AnalogSensorFunctionWithCompensationType_AlarmMonitor_EnabledState_EffectiveTransitionTime,553,Variable
AnalogSensorFunctionWithCompensationType_AlarmMonitor_EnabledState_TrueState,554,Variable
AnalogSensorFunctionWithCompensationType_AlarmMonitor_EnabledState_FalseState,555,Variable
AnalogSensorFunctionWithCompensationType_AlarmMonitor_Quality,556,Variable
AnalogSensorFunctionWithCompensationType_AlarmMonitor_Quality_SourceTimestamp,557,Variable
AnalogSensorFunctionWithCompensationType_AlarmMonitor_LastSeverity,558,Variable
AnalogSensorFunctionWithCompensationType_AlarmMonitor_LastSeverity_SourceTimestamp,559,Variable
AnalogSensorFunctionWithCompensationType_AlarmMonitor_Comment,560,Variable
AnalogSensorFunctionWithCompensationType_AlarmMonitor_Comment_SourceTimestamp,561,Variable
AnalogSensorFunctionWithCompensationType_AlarmMonitor_ClientUserId,562,Variable
AnalogSensorFunctionWithCompensationType_AlarmMonitor_Disable,563,Method
AnalogSensorFunctionWithCompensationType_AlarmMonitor_Enable,564,Method
AnalogSensorFunctionWithCompensationType_AlarmMonitor_AddComment,565,Method
AnalogSensorFunctionWithCompensationType_AlarmMonitor_AddComment_InputArguments,566,Variable
AnalogSensorFunctionWithCompensationType_AlarmMonitor_AckedState,567,Variable
AnalogSensorFunctionWithCompensationType_AlarmMonitor_AckedState_Id,568,Variable
AnalogSensorFunctionWithCompensationType_AlarmMonitor_AckedState_Name,569,Variable
AnalogSensorFunctionWithCompensationType_AlarmMonitor_AckedState_Number,570,Variable
AnalogSensorFunctionWithCompensationType_AlarmMonitor_AckedState_EffectiveDisplayName,571,Variable
AnalogSensorFunctionWithCompensationType_AlarmMonitor_AckedState_TransitionTime,572,Variable
AnalogSensorFunctionWithCompensationType_AlarmMonitor_AckedState_EffectiveTransitionTime,573,Variable
AnalogSensorFunctionWithCompensationType_AlarmMonitor_AckedState_TrueState,574,Variable
AnalogSensorFunctionWithCompensationType_AlarmMonitor_AckedState_FalseState,575,Variable
AnalogSensorFunctionWithCompensationType_AlarmMonitor_ConfirmedState,576,Variable
AnalogSensorFunctionWithCompensationType_AlarmMonitor_ConfirmedState_Id,577,Variable
AnalogSensorFunctionWithCompensationType_AlarmMonitor_ConfirmedState_Name,578,Variable
AnalogSensorFunctionWithCompensationType_AlarmMonitor_ConfirmedState_Number,579,Variable
AnalogSensorFunctionWithCompensationType_AlarmMonitor_ConfirmedState_EffectiveDisplayName,580,Variable
AnalogSensorFunctionWithCompensationType_AlarmMonitor_ConfirmedState_TransitionTime,581,Variable
AnalogSensorFunctionWithCompensationType_AlarmMonitor_ConfirmedState_EffectiveTransitionTime,582,Variable
AnalogSensorFunctionWithCompensationType_AlarmMonitor_ConfirmedState_TrueState,583,Variable
AnalogSensorFunctionWithCompensationType_AlarmMonitor_ConfirmedState_FalseState,584,Variable
AnalogSensorFunctionWithCompensationType_AlarmMonitor_Acknowledge,585,Method
AnalogSensorFunctionWithCompensationType_AlarmMonitor_Acknowledge_InputArguments,586,Variable
AnalogSensorFunctionWithCompensationType_AlarmMonitor_Confirm,587,Method
AnalogSensorFunctionWithCompensationType_AlarmMonitor_Confirm_InputArguments,588,Variable
AnalogSensorFunctionWithCompensationType_AlarmMonitor_ActiveState,589,Variable
AnalogSensorFunctionWithCompensationType_AlarmMonitor_ActiveState_Id,590,Variable
AnalogSensorFunctionWithCompensationType_AlarmMonitor_ActiveState_Name,591,Variable
AnalogSensorFunctionWithCompensationType_AlarmMonitor_ActiveState_Number,592,Variable
AnalogSensorFunctionWithCompensationType_AlarmMonitor_ActiveState_EffectiveDisplayName,593,Variable
AnalogSensorFunctionWithCompensationType_AlarmMonitor_ActiveState_TransitionTime,594,Variable
AnalogSensorFunctionWithCompensationType_AlarmMonitor_ActiveState_EffectiveTransitionTime,595,Variable
AnalogSensorFunctionWithCompensationType_AlarmMonitor_ActiveState_TrueState,596,Variable
AnalogSensorFunctionWithCompensationType_AlarmMonitor_ActiveState_FalseState,597,Variable
AnalogSensorFunctionWithCompensationType_AlarmMonitor_InputNode,598,Variable
AnalogSensorFunctionWithCompensationType_AlarmMonitor_SuppressedState,599,Variable
AnalogSensorFunctionWithCompensationType_AlarmMonitor_SuppressedState_Id,600,Variable
AnalogSensorFunctionWithCompensationType_AlarmMonitor_SuppressedState_Name,601,Variable
AnalogSensorFunctionWithCompensationType_AlarmMonitor_SuppressedState_Number,602,Variable
AnalogSensorFunctionWithCompensationType_AlarmMonitor_SuppressedState_EffectiveDisplayName,603,Variable
AnalogSensorFunctionWithCompensationType_AlarmMonitor_SuppressedState_TransitionTime,604,Variable
AnalogSensorFunctionWithCompensationType_AlarmMonitor_SuppressedState_EffectiveTransitionTime,605,Variable
AnalogSensorFunctionWithCompensationType_AlarmMonitor_SuppressedState_TrueState,606,Variable
AnalogSensorFunctionWithCompensationType_AlarmMonitor_SuppressedState_FalseState,607,Variable
AnalogSensorFunctionWithCompensationType_AlarmMonitor_OutOfServiceState,608,Variable
AnalogSensorFunctionWithCompensationType_AlarmMonitor_OutOfServiceState_Id,609,Variable
AnalogSensorFunctionWithCompensationType_AlarmMonitor_OutOfServiceState_Name,610,Variable
AnalogSensorFunctionWithCompensationType_AlarmMonitor_OutOfServiceState_Number,611,Variable
AnalogSensorFunctionWithCompensationType_AlarmMonitor_OutOfServiceState_EffectiveDisplayName,612,Variable
AnalogSensorFunctionWithCompensationType_AlarmMonitor_OutOfServiceState_TransitionTime,613,Variable
AnalogSensorFunctionWithCompensationType_AlarmMonitor_OutOfServiceState_EffectiveTransitionTime,614,Variable
AnalogSensorFunctionWithCompensationType_AlarmMonitor_OutOfServiceState_TrueState,615,Variable
AnalogSensorFunctionWithCompensationType_AlarmMonitor_OutOfServiceState_FalseState,616,Variable
AnalogSensorFunctionWithCompensationType_AlarmMonitor_ShelvingState,617,Object
AnalogSensorFunctionWithCompensationType_AlarmMonitor_ShelvingState_CurrentState,618,Variable
AnalogSensorFunctionWithCompensationType_AlarmMonitor_ShelvingState_CurrentState_Id,619,Variable
AnalogSensorFunctionWithCompensationType_AlarmMonitor_ShelvingState_CurrentState_Name,620,Variable
AnalogSensorFunctionWithCompensationType_AlarmMonitor_ShelvingState_CurrentState_Number,621,Variable
AnalogSensorFunctionWithCompensationType_AlarmMonitor_ShelvingState_CurrentState_EffectiveDisplayName,622,Variable
AnalogSensorFunctionWithCompensationType_AlarmMonitor_ShelvingState_LastTransition,623,Variable
AnalogSensorFunctionWithCompensationType_AlarmMonitor_ShelvingState_LastTransition_Id,624,Variable
AnalogSensorFunctionWithCompensationType_AlarmMonitor_ShelvingState_LastTransition_Name,625,Variable
AnalogSensorFunctionWithCompensationType_AlarmMonitor_ShelvingState_LastTransition_Number,626,Variable
AnalogSensorFunctionWithCompensationType_AlarmMonitor_ShelvingState_LastTransition_TransitionTime,627,Variable
AnalogSensorFunctionWithCompensationType_AlarmMonitor_ShelvingState_LastTransition_EffectiveTransitionTime,628,Variable
AnalogSensorFunctionWithCompensationType_AlarmMonitor_ShelvingState_AvailableStates,629,Variable
AnalogSensorFunctionWithCompensationType_AlarmMonitor_ShelvingState_AvailableTransitions,630,Variable
AnalogSensorFunctionWithCompensationType_AlarmMonitor_ShelvingState_UnshelveTime,631,Variable
AnalogSensorFunctionWithCompensationType_AlarmMonitor_ShelvingState_TimedShelve,632,Method
AnalogSensorFunctionWithCompensationType_AlarmMonitor_ShelvingState_TimedShelve_InputArguments,633,Variable
AnalogSensorFunctionWithCompensationType_AlarmMonitor_ShelvingState_Unshelve,634,Method
AnalogSensorFunctionWithCompensationType_AlarmMonitor_ShelvingState_OneShotShelve,635,Method
AnalogSensorFunctionWithCompensationType_AlarmMonitor_SuppressedOrShelved,636,Variable
AnalogSensorFunctionWithCompensationType_AlarmMonitor_MaxTimeShelved,637,Variable
AnalogSensorFunctionWithCompensationType_AlarmMonitor_AudibleEnabled,638,Variable
AnalogSensorFunctionWithCompensationType_AlarmMonitor_AudibleSound,639,Variable
AnalogSensorFunctionWithCompensationType_AlarmMonitor_AudibleSound_ListId,640,Variable
AnalogSensorFunctionWithCompensationType_AlarmMonitor_AudibleSound_AgencyId,641,Variable
AnalogSensorFunctionWithCompensationType_AlarmMonitor_AudibleSound_VersionId,642,Variable
AnalogSensorFunctionWithCompensationType_AlarmMonitor_SilenceState,643,Variable
AnalogSensorFunctionWithCompensationType_AlarmMonitor_SilenceState_Id,644,Variable
AnalogSensorFunctionWithCompensationType_AlarmMonitor_SilenceState_Name,645,Variable
AnalogSensorFunctionWithCompensationType_AlarmMonitor_SilenceState_Number,646,Variable
AnalogSensorFunctionWithCompensationType_AlarmMonitor_SilenceState_EffectiveDisplayName,647,Variable
AnalogSensorFunctionWithCompensationType_AlarmMonitor_SilenceState_TransitionTime,648,Variable
AnalogSensorFunctionWithCompensationType_AlarmMonitor_SilenceState_EffectiveTransitionTime,649,Variable
AnalogSensorFunctionWithCompensationType_AlarmMonitor_SilenceState_TrueState,650,Variable
AnalogSensorFunctionWithCompensationType_AlarmMonitor_SilenceState_FalseState,651,Variable
AnalogSensorFunctionWithCompensationType_AlarmMonitor_OnDelay,652,Variable
AnalogSensorFunctionWithCompensationType_AlarmMonitor_OffDelay,653,Variable
AnalogSensorFunctionWithCompensationType_AlarmMonitor_FirstInGroupFlag,654,Variable
AnalogSensorFunctionWithCompensationType_AlarmMonitor_FirstInGroup,655,Object
AnalogSensorFunctionWithCompensationType_AlarmMonitor_LatchedState,656,Variable
AnalogSensorFunctionWithCompensationType_AlarmMonitor_LatchedState_Id,657,Variable
AnalogSensorFunctionWithCompensationType_AlarmMonitor_LatchedState_Name,658,Variable
AnalogSensorFunctionWithCompensationType_AlarmMonitor_LatchedState_Number,659,Variable
AnalogSensorFunctionWithCompensationType_AlarmMonitor_LatchedState_EffectiveDisplayName,660,Variable
AnalogSensorFunctionWithCompensationType_AlarmMonitor_LatchedState_TransitionTime,661,Variable
AnalogSensorFunctionWithCompensationType_AlarmMonitor_LatchedState_EffectiveTransitionTime,662,Variable
AnalogSensorFunctionWithCompensationType_AlarmMonitor_LatchedState_TrueState,663,Variable
AnalogSensorFunctionWithCompensationType_AlarmMonitor_LatchedState_FalseState,664,Variable
AnalogSensorFunctionWithCompensationType_AlarmMonitor_ReAlarmTime,665,Variable
AnalogSensorFunctionWithCompensationType_AlarmMonitor_ReAlarmRepeatCount,666,Variable
AnalogSensorFunctionWithCompensationType_AlarmMonitor_Silence,667,Method
AnalogSensorFunctionWithCompensationType_AlarmMonitor_Suppress,668,Method
AnalogSensorFunctionWithCompensationType_AlarmMonitor_Unsuppress,669,Method
AnalogSensorFunctionWithCompensationType_AlarmMonitor_RemoveFromService,670,Method
AnalogSensorFunctionWithCompensationType_AlarmMonitor_PlaceInService,671,Method
AnalogSensorFunctionWithCompensationType_AlarmMonitor_Reset,672,Method
AnalogSensorFunctionWithCompensationType_AlarmMonitor_HighHighLimit,673,Variable
AnalogSensorFunctionWithCompensationType_AlarmMonitor_HighLimit,674,Variable
AnalogSensorFunctionWithCompensationType_AlarmMonitor_LowLimit,675,Variable
AnalogSensorFunctionWithCompensationType_AlarmMonitor_LowLowLimit,676,Variable
AnalogSensorFunctionWithCompensationType_AlarmMonitor_BaseHighHighLimit,677,Variable
AnalogSensorFunctionWithCompensationType_AlarmMonitor_BaseHighLimit,678,Variable
AnalogSensorFunctionWithCompensationType_AlarmMonitor_BaseLowLimit,679,Variable
AnalogSensorFunctionWithCompensationType_AlarmMonitor_BaseLowLowLimit,680,Variable
AnalogSensorFunctionWithCompensationType_AlarmMonitor_LimitState,681,Object
AnalogSensorFunctionWithCompensationType_AlarmMonitor_LimitState_CurrentState,682,Variable
AnalogSensorFunctionWithCompensationType_AlarmMonitor_LimitState_CurrentState_Id,683,Variable
AnalogSensorFunctionWithCompensationType_AlarmMonitor_LimitState_CurrentState_Name,684,Variable
AnalogSensorFunctionWithCompensationType_AlarmMonitor_LimitState_CurrentState_Number,685,Variable
AnalogSensorFunctionWithCompensationType_AlarmMonitor_LimitState_CurrentState_EffectiveDisplayName,686,Variable
AnalogSensorFunctionWithCompensationType_AlarmMonitor_LimitState_LastTransition,687,Variable
AnalogSensorFunctionWithCompensationType_AlarmMonitor_LimitState_LastTransition_Id,688,Variable
AnalogSensorFunctionWithCompensationType_AlarmMonitor_LimitState_LastTransition_Name,689,Variable
AnalogSensorFunctionWithCompensationType_AlarmMonitor_LimitState_LastTransition_Number,690,Variable
AnalogSensorFunctionWithCompensationType_AlarmMonitor_LimitState_LastTransition_TransitionTime,691,Variable
AnalogSensorFunctionWithCompensationType_AlarmMonitor_LimitState_LastTransition_EffectiveTransitionTime,692,Variable
AnalogSensorFunctionWithCompensationType_AlarmMonitor_LimitState_AvailableStates,693,Variable
AnalogSensorFunctionWithCompensationType_AlarmMonitor_LimitState_AvailableTransitions,694,Variable
AnalogSensorFunctionWithCompensationType_Operational,695,Object
AnalogSensorFunctionWithCompensationType_Operational_UIElement,696,Variable
AnalogSensorFunctionWithCompensationType_ParameterSet_CalibrationValues,697,Variable
AnalogSensorFunctionWithCompensationType_ParameterSet_CompensationValue,698,Variable
AnalogSensorFunctionWithCompensationType_ParameterSet_CompensationValue_Definition,699,Variable
AnalogSensorFunctionWithCompensationType_ParameterSet_CompensationValue_ValuePrecision,700,Variable
AnalogSensorFunctionWithCompensationType_ParameterSet_CompensationValue_InstrumentRange,701,Variable
AnalogSensorFunctionWithCompensationType_ParameterSet_CompensationValue_EURange,702,Variable
AnalogSensorFunctionWithCompensationType_ParameterSet_CompensationValue_EngineeringUnits,703,Variable
AnalogSensorFunctionWithCompensationType_ParameterSet_Damping,704,Variable
AnalogSensorFunctionWithCompensationType_ParameterSet_RawValue,705,Unspecified
AnalogSensorFunctionWithCompensationType_ParameterSet_RawValue_Definition,706,Unspecified
AnalogSensorFunctionWithCompensationType_ParameterSet_RawValue_ValuePrecision,707,Unspecified
AnalogSensorFunctionWithCompensationType_ParameterSet_RawValue_InstrumentRange,708,Unspecified
AnalogSensorFunctionWithCompensationType_ParameterSet_RawValue_EURange,709,Unspecified
AnalogSensorFunctionWithCompensationType_ParameterSet_RawValue_EngineeringUnits,710,Unspecified
AnalogSensorFunctionWithCompensationType_ParameterSet_SensorValue,711,Unspecified
AnalogSensorFunctionWithCompensationType_ParameterSet_SensorValue_Definition,712,Unspecified
AnalogSensorFunctionWithCompensationType_ParameterSet_SensorValue_ValuePrecision,713,Unspecified
AnalogSensorFunctionWithCompensationType_ParameterSet_SensorValue_InstrumentRange,714,Unspecified
AnalogSensorFunctionWithCompensationType_ParameterSet_SensorValue_EURange,715,Unspecified
AnalogSensorFunctionWithCompensationType_ParameterSet_SensorValue_EngineeringUnits,716,Unspecified
AnalogSensorFunctionWithCompensationType_Tuning,717,Object
AnalogSensorFunctionWithCompensationType_Tuning_UIElement,718,Variable
SupportedPropertySetType,719,ObjectType
SupportedPropertySetType_Property,720,Variable
FunctionalUnitType_FunctionSet,721,Object
FunctionalUnitType_Operational,722,Object
FunctionalUnitType_Operational_UIElement,723,Variable
FunctionalUnitType_ProgramManager,724,Object
FunctionalUnitType_ProgramManager_ParameterSet,725,Object
FunctionalUnitType_ProgramManager_ParameterSet_ParameterIdentifier,726,Variable
FunctionalUnitType_ProgramManager_MethodSet,727,Object
FunctionalUnitType_ProgramManager_Identification,728,Object
FunctionalUnitType_ProgramManager_Identification_UIElement,729,Variable
FunctionalUnitType_ProgramManager_Lock,730,Object
FunctionalUnitType_ProgramManager_Lock_Locked,731,Variable
FunctionalUnitType_ProgramManager_Lock_LockingClient,732,Variable
FunctionalUnitType_ProgramManager_Lock_LockingUser,733,Variable
FunctionalUnitType_ProgramManager_Lock_RemainingLockTime,734,Variable
FunctionalUnitType_ProgramManager_Lock_InitLock,735,Method
FunctionalUnitType_ProgramManager_Lock_InitLock_InputArguments,736,Variable
FunctionalUnitType_ProgramManager_Lock_InitLock_OutputArguments,737,Variable
FunctionalUnitType_ProgramManager_Lock_RenewLock,738,Method
FunctionalUnitType_ProgramManager_Lock_RenewLock_OutputArguments,739,Variable
FunctionalUnitType_ProgramManager_Lock_ExitLock,740,Method
FunctionalUnitType_ProgramManager_Lock_ExitLock_OutputArguments,741,Variable
FunctionalUnitType_ProgramManager_Lock_BreakLock,742,Method
FunctionalUnitType_ProgramManager_Lock_BreakLock_OutputArguments,743,Variable
FunctionalUnitType_ProgramManager_ActiveProgram,744,Object
FunctionalUnitType_ProgramManager_ActiveProgram_CurrentState,745,Variable
FunctionalUnitType_ProgramManager_ActiveProgram_CurrentState_Id,746,Variable
FunctionalUnitType_ProgramManager_ActiveProgram_CurrentState_Name,747,Variable
FunctionalUnitType_ProgramManager_ActiveProgram_CurrentState_Number,748,Variable
FunctionalUnitType_ProgramManager_ActiveProgram_CurrentState_EffectiveDisplayName,749,Variable
FunctionalUnitType_ProgramManager_ActiveProgram_LastTransition,750,Variable
FunctionalUnitType_ProgramManager_ActiveProgram_LastTransition_Id,751,Variable
FunctionalUnitType_ProgramManager_ActiveProgram_LastTransition_Name,752,Variable
FunctionalUnitType_ProgramManager_ActiveProgram_LastTransition_Number,753,Variable
FunctionalUnitType_ProgramManager_ActiveProgram_LastTransition_TransitionTime,754,Variable
FunctionalUnitType_ProgramManager_ActiveProgram_LastTransition_EffectiveTransitionTime,755,Variable
FunctionalUnitType_ProgramManager_ActiveProgram_AvailableStates,756,Variable
FunctionalUnitType_ProgramManager_ActiveProgram_AvailableTransitions,757,Variable
FunctionalUnitType_ProgramManager_Operational,758,Object
FunctionalUnitType_ProgramManager_Operational_UIElement,759,Variable
FunctionalUnitType_ProgramManager_ProgramTemplateSet,760,Object
FunctionalUnitType_ProgramManager_ProgramTemplateSet_NodeVersion,761,Variable
FunctionalUnitType_ProgramManager_ResultSet,762,Object
FunctionalUnitType_ProgramManager_ResultSet_NodeVersion,763,Variable
FunctionalUnitType_SupportedPropertySet,764,Object
LADSBaseStateMachineType,765,ObjectType
LADSBaseStateMachineType_CurrentState,766,Variable
LADSBaseStateMachineType_CurrentState_Id,767,Variable
LADSBaseStateMachineType_CurrentState_Name,768,Variable
LADSBaseStateMachineType_CurrentState_Number,769,Variable
LADSBaseStateMachineType_CurrentState_EffectiveDisplayName,770,Variable
LADSBaseStateMachineType_LastTransition,771,Variable
LADSBaseStateMachineType_LastTransition_Id,772,Variable
LADSBaseStateMachineType_LastTransition_Name,773,Variable
LADSBaseStateMachineType_LastTransition_Number,774,Variable
LADSBaseStateMachineType_LastTransition_TransitionTime,775,Variable
LADSBaseStateMachineType_LastTransition_EffectiveTransitionTime,776,Variable
LADSBaseStateMachineType_AvailableStates,777,Variable
LADSBaseStateMachineType_AvailableTransitions,778,Variable
ProgramTemplateType,779,ObjectType
ProgramTemplateType_Name,780,Variable
ProgramTemplateType_Description,781,Unspecified
ProgramTemplateType_TemplateID,782,Variable
ProgramTemplateType_Author,783,Variable
ProgramTemplateType_Created,784,Variable
ProgramTemplateType_Modified,785,Variable
ProgramTemplateType_Version,786,Variable
ProgramTemplateType_Status,787,Variable
ProgramTemplateSetType,788,ObjectType
ProgramTemplateSetType_NodeVersion,789,Variable
ResultSetType,790,ObjectType
ResultSetType_NodeVersion,791,Variable
ProgramManagerType,792,ObjectType
ProgramManagerType_ParameterSet,793,Object
ProgramManagerType_ParameterSet_ParameterIdentifier,794,Variable
ProgramManagerType_MethodSet,795,Object
ProgramManagerType_GroupIdentifier,796,Object
ProgramManagerType_GroupIdentifier_UIElement,797,Variable
ProgramManagerType_Identification,798,Object
ProgramManagerType_Identification_UIElement,799,Variable
ProgramManagerType_Lock,800,Object
ProgramManagerType_Lock_Locked,801,Variable
ProgramManagerType_Lock_LockingClient,802,Variable
ProgramManagerType_Lock_LockingUser,803,Variable
ProgramManagerType_Lock_RemainingLockTime,804,Variable
ProgramManagerType_Lock_InitLock,805,Method
ProgramManagerType_Lock_InitLock_InputArguments,806,Variable
ProgramManagerType_Lock_InitLock_OutputArguments,807,Variable
ProgramManagerType_Lock_RenewLock,808,Method
ProgramManagerType_Lock_RenewLock_OutputArguments,809,Variable
ProgramManagerType_Lock_ExitLock,810,Method
ProgramManagerType_Lock_ExitLock_OutputArguments,811,Variable
ProgramManagerType_Lock_BreakLock,812,Method
ProgramManagerType_Lock_BreakLock_OutputArguments,813,Variable
ProgramManagerType_ActiveProgram,814,Object
ProgramManagerType_ActiveProgram_CurrentState,815,Variable
ProgramManagerType_ActiveProgram_CurrentState_Id,816,Variable
ProgramManagerType_ActiveProgram_CurrentState_Name,817,Variable
ProgramManagerType_ActiveProgram_CurrentState_Number,818,Variable
ProgramManagerType_ActiveProgram_CurrentState_EffectiveDisplayName,819,Variable
ProgramManagerType_ActiveProgram_LastTransition,820,Variable
ProgramManagerType_ActiveProgram_LastTransition_Id,821,Variable
ProgramManagerType_ActiveProgram_LastTransition_Name,822,Variable
ProgramManagerType_ActiveProgram_LastTransition_Number,823,Variable
ProgramManagerType_ActiveProgram_LastTransition_TransitionTime,824,Variable
ProgramManagerType_ActiveProgram_LastTransition_EffectiveTransitionTime,825,Variable
ProgramManagerType_ActiveProgram_AvailableStates,826,Variable
ProgramManagerType_ActiveProgram_AvailableTransitions,827,Variable
ProgramManagerType_Operational,828,Object
ProgramManagerType_Operational_UIElement,829,Variable
ProgramManagerType_ProgramTemplateSet,830,Object
ProgramManagerType_ProgramTemplateSet_NodeVersion,831,Variable
ProgramManagerType_ResultSet,832,Object
ProgramManagerType_ResultSet_NodeVersion,833,Variable
Device,834,Unspecified
Device_ParameterSet,835,Unspecified
Device_ParameterSet_ParameterIdentifier,836,Unspecified
Device_MethodSet,837,Unspecified
Device_GroupIdentifier,838,Unspecified
Device_GroupIdentifier_UIElement,839,Unspecified
Device_Identification,840,Unspecified
Device_Identification_UIElement,841,Unspecified
Device_Lock,842,Unspecified
Device_Lock_Locked,843,Unspecified
Device_Lock_LockingClient,844,Unspecified
Device_Lock_LockingUser,845,Unspecified
Device_Lock_RemainingLockTime,846,Unspecified
Device_Lock_InitLock,847,Unspecified
Device_Lock_InitLock_InputArguments,848,Unspecified
Device_Lock_InitLock_OutputArguments,849,Unspecified
Device_Lock_RenewLock,850,Unspecified
Device_Lock_RenewLock_OutputArguments,851,Unspecified
Device_Lock_ExitLock,852,Unspecified
Device_Lock_ExitLock_OutputArguments,853,Unspecified
Device_Lock_BreakLock,854,Unspecified
Device_Lock_BreakLock_OutputArguments,855,Unspecified
Device_Manufacturer,856,Unspecified
Device_ManufacturerUri,857,Unspecified
Device_Model,858,Unspecified
Device_HardwareRevision,859,Unspecified
Device_SoftwareRevision,860,Unspecified
Device_DeviceRevision,861,Unspecified
Device_ProductCode,862,Unspecified
Device_DeviceManual,863,Unspecified
Device_DeviceClass,864,Unspecified
Device_SerialNumber,865,Unspecified
Device_ProductInstanceUri,866,Unspecified
Device_RevisionCounter,867,Unspecified
Device_AssetId,868,Unspecified
Device_ComponentName,869,Unspecified
LADSDevice,870,Unspecified
LADSDevice_ParameterSet,871,Unspecified
LADSDevice_ParameterSet_ParameterIdentifier,872,Unspecified
LADSDevice_MethodSet,873,Unspecified
LADSDevice_GroupIdentifier,874,Unspecified
LADSDevice_GroupIdentifier_UIElement,875,Unspecified
LADSDevice_Identification,876,Unspecified
LADSDevice_Identification_UIElement,877,Unspecified
LADSDevice_Lock,878,Unspecified
LADSDevice_Lock_Locked,879,Unspecified
LADSDevice_Lock_LockingClient,880,Unspecified
LADSDevice_Lock_LockingUser,881,Unspecified
LADSDevice_Lock_RemainingLockTime,882,Unspecified
LADSDevice_Lock_InitLock,883,Unspecified
LADSDevice_Lock_InitLock_InputArguments,884,Unspecified
LADSDevice_Lock_InitLock_OutputArguments,885,Unspecified
LADSDevice_Lock_RenewLock,886,Unspecified
LADSDevice_Lock_RenewLock_OutputArguments,887,Unspecified
LADSDevice_Lock_ExitLock,888,Unspecified
LADSDevice_Lock_ExitLock_OutputArguments,889,Unspecified
LADSDevice_Lock_BreakLock,890,Unspecified
LADSDevice_Lock_BreakLock_OutputArguments,891,Unspecified
LADSDevice_Manufacturer,892,Unspecified
LADSDevice_ManufacturerUri,893,Unspecified
LADSDevice_Model,894,Unspecified
LADSDevice_HardwareRevision,895,Unspecified
LADSDevice_SoftwareRevision,896,Unspecified
LADSDevice_DeviceRevision,897,Unspecified
LADSDevice_ProductCode,898,Unspecified
LADSDevice_DeviceManual,899,Unspecified
LADSDevice_DeviceClass,900,Unspecified
LADSDevice_SerialNumber,901,Unspecified
LADSDevice_ProductInstanceUri,902,Unspecified
LADSDevice_RevisionCounter,903,Unspecified
LADSDevice_AssetId,904,Unspecified
LADSDevice_ComponentName,905,Unspecified
LADSComponentType,906,ObjectType
LADSComponentType_ParameterSet,907,Object
LADSComponentType_ParameterSet_ParameterIdentifier,908,Variable
LADSComponentType_MethodSet,909,Object
LADSComponentType_GroupIdentifier,910,Object
LADSComponentType_GroupIdentifier_UIElement,911,Variable
LADSComponentType_Identification,912,Object
LADSComponentType_Identification_UIElement,913,Variable
LADSComponentType_Lock,914,Object
LADSComponentType_Lock_Locked,915,Variable
LADSComponentType_Lock_LockingClient,916,Variable
LADSComponentType_Lock_LockingUser,917,Variable
LADSComponentType_Lock_RemainingLockTime,918,Variable
LADSComponentType_Lock_InitLock,919,Method
LADSComponentType_Lock_InitLock_InputArguments,920,Variable
LADSComponentType_Lock_InitLock_OutputArguments,921,Variable
LADSComponentType_Lock_RenewLock,922,Method
LADSComponentType_Lock_RenewLock_OutputArguments,923,Variable
LADSComponentType_Lock_ExitLock,924,Method
LADSComponentType_Lock_ExitLock_OutputArguments,925,Variable
LADSComponentType_Lock_BreakLock,926,Method
LADSComponentType_Lock_BreakLock_OutputArguments,927,Variable
LADSComponentType_Manufacturer,928,Variable
LADSComponentType_ManufacturerUri,929,Variable
LADSComponentType_Model,930,Variable
LADSComponentType_HardwareRevision,931,Variable
LADSComponentType_SoftwareRevision,932,Variable
LADSComponentType_DeviceRevision,933,Variable
LADSComponentType_ProductCode,934,Variable
LADSComponentType_DeviceManual,935,Variable
LADSComponentType_DeviceClass,936,Variable
LADSComponentType_SerialNumber,937,Variable
LADSComponentType_ProductInstanceUri,938,Variable
LADSComponentType_RevisionCounter,939,Variable
LADSComponentType_AssetId,940,Variable
LADSComponentType_ComponentName,941,Variable
LADSComponentType_ComponentSet,942,Object
ComponentSetType,943,ObjectType
LADSDevice_ComponentSet,944,Unspecified
LADSComponentType_Maintenance,945,Object
LADSComponentType_Maintenance_UIElement,946,Variable
LADSComponentType_DeviceHealth,947,Variable
LADSDevice_FunctionalUnitSet,948,Unspecified
LADSDeviceType,949,ObjectType
LADSDeviceType_ParameterSet,950,Object
LADSDeviceType_ParameterSet_ParameterIdentifier,951,Variable
LADSDeviceType_MethodSet,952,Object
LADSDeviceType_GroupIdentifier,953,Object
LADSDeviceType_GroupIdentifier_UIElement,954,Variable
LADSDeviceType_Identification,955,Object
LADSDeviceType_Identification_UIElement,956,Variable
LADSDeviceType_Lock,957,Object
LADSDeviceType_Lock_Locked,958,Variable
LADSDeviceType_Lock_LockingClient,959,Variable
LADSDeviceType_Lock_LockingUser,960,Variable
LADSDeviceType_Lock_RemainingLockTime,961,Variable
LADSDeviceType_Lock_InitLock,962,Method
LADSDeviceType_Lock_InitLock_InputArguments,963,Variable
LADSDeviceType_Lock_InitLock_OutputArguments,964,Variable
LADSDeviceType_Lock_RenewLock,965,Method
LADSDeviceType_Lock_RenewLock_OutputArguments,966,Variable
LADSDeviceType_Lock_ExitLock,967,Method
LADSDeviceType_Lock_ExitLock_OutputArguments,968,Variable
LADSDeviceType_Lock_BreakLock,969,Method
LADSDeviceType_Lock_BreakLock_OutputArguments,970,Variable
LADSDeviceType_Manufacturer,971,Variable
LADSDeviceType_ManufacturerUri,972,Variable
LADSDeviceType_Model,973,Variable
LADSDeviceType_HardwareRevision,974,Variable
LADSDeviceType_SoftwareRevision,975,Variable
LADSDeviceType_DeviceRevision,976,Variable
LADSDeviceType_ProductCode,977,Variable
LADSDeviceType_DeviceManual,978,Variable
LADSDeviceType_DeviceClass,979,Variable
LADSDeviceType_SerialNumber,980,Variable
LADSDeviceType_ProductInstanceUri,981,Variable
LADSDeviceType_RevisionCounter,982,Variable
LADSDeviceType_AssetId,983,Variable
LADSDeviceType_ComponentName,984,Variable
LADSDeviceType_ComponentSet,985,Object
LADSDeviceType_FunctionalUnitSet,986,Object
LADSDeviceType_Maintenance,987,Object
LADSDeviceType_Maintenance_UIElement,988,Variable
LADSDeviceType_DeviceHealth,989,Variable
FunctionalUnitType_ProgramManager_ActiveProgram_Deletable,990,Variable
FunctionalUnitType_ProgramManager_ActiveProgram_AutoDelete,991,Variable
FunctionalUnitType_ProgramManager_ActiveProgram_RecycleCount,992,Variable
FunctionalUnitType_ProgramManager_ActiveProgram_ProgramDiagnostic,993,Variable
FunctionalUnitType_ProgramManager_ActiveProgram_ProgramDiagnostic_CreateSessionId,994,Variable
FunctionalUnitType_ProgramManager_ActiveProgram_ProgramDiagnostic_CreateClientName,995,Variable
FunctionalUnitType_ProgramManager_ActiveProgram_ProgramDiagnostic_InvocationCreationTime,996,Variable
FunctionalUnitType_ProgramManager_ActiveProgram_ProgramDiagnostic_LastTransitionTime,997,Variable
FunctionalUnitType_ProgramManager_ActiveProgram_ProgramDiagnostic_LastMethodCall,998,Variable
FunctionalUnitType_ProgramManager_ActiveProgram_ProgramDiagnostic_LastMethodSessionId,999,Variable
FunctionalUnitType_ProgramManager_ActiveProgram_ProgramDiagnostic_LastMethodInputArguments,1000,Variable
FunctionalUnitType_ProgramManager_ActiveProgram_ProgramDiagnostic_LastMethodOutputArguments,1001,Variable
FunctionalUnitType_ProgramManager_ActiveProgram_ProgramDiagnostic_LastMethodInputValues,1002,Variable
FunctionalUnitType_ProgramManager_ActiveProgram_ProgramDiagnostic_LastMethodOutputValues,1003,Variable
FunctionalUnitType_ProgramManager_ActiveProgram_ProgramDiagnostic_LastMethodCallTime,1004,Variable
FunctionalUnitType_ProgramManager_ActiveProgram_ProgramDiagnostic_LastMethodReturnStatus,1005,Variable
FunctionalUnitType_ProgramManager_ActiveProgram_FinalResultData,1006,Object
LADSBaseStateMachineType_Creatable,1007,Variable
LADSBaseStateMachineType_Deletable,1008,Variable
LADSBaseStateMachineType_AutoDelete,1009,Variable
LADSBaseStateMachineType_RecycleCount,1010,Variable
LADSBaseStateMachineType_InstanceCount,1011,Variable
LADSBaseStateMachineType_MaxInstanceCount,1012,Variable
LADSBaseStateMachineType_MaxRecycleCount,1013,Variable
LADSBaseStateMachineType_ProgramDiagnostic,1014,Variable
LADSBaseStateMachineType_ProgramDiagnostic_CreateSessionId,1015,Variable
LADSBaseStateMachineType_ProgramDiagnostic_CreateClientName,1016,Variable
LADSBaseStateMachineType_ProgramDiagnostic_InvocationCreationTime,1017,Variable
LADSBaseStateMachineType_ProgramDiagnostic_LastTransitionTime,1018,Variable
LADSBaseStateMachineType_ProgramDiagnostic_LastMethodCall,1019,Variable
LADSBaseStateMachineType_ProgramDiagnostic_LastMethodSessionId,1020,Variable
LADSBaseStateMachineType_ProgramDiagnostic_LastMethodInputArguments,1021,Variable
LADSBaseStateMachineType_ProgramDiagnostic_LastMethodOutputArguments,1022,Variable
LADSBaseStateMachineType_ProgramDiagnostic_LastMethodInputValues,1023,Variable
LADSBaseStateMachineType_ProgramDiagnostic_LastMethodOutputValues,1024,Variable
LADSBaseStateMachineType_ProgramDiagnostic_LastMethodCallTime,1025,Variable
LADSBaseStateMachineType_ProgramDiagnostic_LastMethodReturnStatus,1026,Variable
LADSBaseStateMachineType_FinalResultData,1027,Object
LADSBaseStateMachineType_Halted,1028,Object
LADSBaseStateMachineType_Halted_StateNumber,1029,Variable
LADSBaseStateMachineType_Ready,1030,Object
LADSBaseStateMachineType_Ready_StateNumber,1031,Variable
LADSBaseStateMachineType_Running,1032,Object
LADSBaseStateMachineType_Running_StateNumber,1033,Variable
LADSBaseStateMachineType_Suspended,1034,Object
LADSBaseStateMachineType_Suspended_StateNumber,1035,Variable
LADSBaseStateMachineType_HaltedToReady,1036,Object
LADSBaseStateMachineType_HaltedToReady_TransitionNumber,1037,Variable
LADSBaseStateMachineType_ReadyToRunning,1038,Object
LADSBaseStateMachineType_ReadyToRunning_TransitionNumber,1039,Variable
LADSBaseStateMachineType_RunningToHalted,1040,Object
LADSBaseStateMachineType_RunningToHalted_TransitionNumber,1041,Variable
LADSBaseStateMachineType_RunningToReady,1042,Object
LADSBaseStateMachineType_RunningToReady_TransitionNumber,1043,Variable
LADSBaseStateMachineType_RunningToSuspended,1044,Object
LADSBaseStateMachineType_RunningToSuspended_TransitionNumber,1045,Variable
LADSBaseStateMachineType_SuspendedToRunning,1046,Object
LADSBaseStateMachineType_SuspendedToRunning_TransitionNumber,1047,Variable
LADSBaseStateMachineType_SuspendedToHalted,1048,Object
LADSBaseStateMachineType_SuspendedToHalted_TransitionNumber,1049,Variable
LADSBaseStateMachineType_SuspendedToReady,1050,Object
LADSBaseStateMachineType_SuspendedToReady_TransitionNumber,1051,Variable
LADSBaseStateMachineType_ReadyToHalted,1052,Object
LADSBaseStateMachineType_ReadyToHalted_TransitionNumber,1053,Variable
LADSBaseStateMachineType_Start,1054,Method
LADSBaseStateMachineType_Suspend,1055,Method
LADSBaseStateMachineType_Resume,1056,Method
LADSBaseStateMachineType_Halt,1057,Method
LADSBaseStateMachineType_Reset,1058,Method
ProgramManagerType_ActiveProgram_Deletable,1059,Variable
ProgramManagerType_ActiveProgram_AutoDelete,1060,Variable
ProgramManagerType_ActiveProgram_RecycleCount,1061,Variable
ProgramManagerType_ActiveProgram_ProgramDiagnostic,1062,Variable
ProgramManagerType_ActiveProgram_ProgramDiagnostic_CreateSessionId,1063,Variable
ProgramManagerType_ActiveProgram_ProgramDiagnostic_CreateClientName,1064,Variable
ProgramManagerType_ActiveProgram_ProgramDiagnostic_InvocationCreationTime,1065,Variable
ProgramManagerType_ActiveProgram_ProgramDiagnostic_LastTransitionTime,1066,Variable
ProgramManagerType_ActiveProgram_ProgramDiagnostic_LastMethodCall,1067,Variable
ProgramManagerType_ActiveProgram_ProgramDiagnostic_LastMethodSessionId,1068,Variable
ProgramManagerType_ActiveProgram_ProgramDiagnostic_LastMethodInputArguments,1069,Variable
ProgramManagerType_ActiveProgram_ProgramDiagnostic_LastMethodOutputArguments,1070,Variable
ProgramManagerType_ActiveProgram_ProgramDiagnostic_LastMethodInputValues,1071,Variable
ProgramManagerType_ActiveProgram_ProgramDiagnostic_LastMethodOutputValues,1072,Variable
ProgramManagerType_ActiveProgram_ProgramDiagnostic_LastMethodCallTime,1073,Variable
ProgramManagerType_ActiveProgram_ProgramDiagnostic_LastMethodReturnStatus,1074,Variable
ProgramManagerType_ActiveProgram_FinalResultData,1075,Object
BaseSensorFunctionOperationalType,1076,ObjectType
BaseSensorFunctionOperationalType_GroupIdentifier,1077,Object
BaseSensorFunctionOperationalType_GroupIdentifier_UIElement,1078,Variable
BaseSensorFunctionOperationalType_UIElement,1079,Variable
BaseSensorFunctionOperationalType_RawValue,1080,Variable
BaseSensorFunctionOperationalType_RawValue_Definition,1081,Variable
BaseSensorFunctionOperationalType_RawValue_ValuePrecision,1082,Variable
BaseSensorFunctionOperationalType_RawValue_InstrumentRange,1083,Variable
BaseSensorFunctionOperationalType_RawValue_EURange,1084,Variable
BaseSensorFunctionOperationalType_RawValue_EngineeringUnits,1085,Variable
BaseSensorFunctionOperationalType_SensorValue,1086,Variable
BaseSensorFunctionOperationalType_SensorValue_Definition,1087,Variable
BaseSensorFunctionOperationalType_SensorValue_ValuePrecision,1088,Variable
BaseSensorFunctionOperationalType_SensorValue_InstrumentRange,1089,Variable
BaseSensorFunctionOperationalType_SensorValue_EURange,1090,Variable
BaseSensorFunctionOperationalType_SensorValue_EngineeringUnits,1091,Variable
AnalogSensorFunctionOperationalType,1092,Unspecified
AnalogSensorFunctionOperationalType_RawValue,1093,Unspecified
AnalogSensorFunctionOperationalType_RawValue_Definition,1094,Unspecified
AnalogSensorFunctionOperationalType_RawValue_ValuePrecision,1095,Unspecified
AnalogSensorFunctionOperationalType_RawValue_InstrumentRange,1096,Unspecified
AnalogSensorFunctionOperationalType_RawValue_EURange,1097,Unspecified
AnalogSensorFunctionOperationalType_RawValue_EngineeringUnits,1098,Unspecified
AnalogSensorFunctionOperationalType_SensorValue,1099,Unspecified
AnalogSensorFunctionOperationalType_SensorValue_Definition,1100,Unspecified
AnalogSensorFunctionOperationalType_SensorValue_ValuePrecision,1101,Unspecified
AnalogSensorFunctionOperationalType_SensorValue_InstrumentRange,1102,Unspecified
AnalogSensorFunctionOperationalType_SensorValue_EURange,1103,Unspecified
AnalogSensorFunctionOperationalType_SensorValue_EngineeringUnits,1104,Unspecified
AnalogSensorFunctionType_Operational_RawValue,1105,Unspecified
AnalogSensorFunctionType_Operational_RawValue_Definition,1106,Unspecified
AnalogSensorFunctionType_Operational_RawValue_ValuePrecision,1107,Unspecified
AnalogSensorFunctionType_Operational_RawValue_InstrumentRange,1108,Unspecified
AnalogSensorFunctionType_Operational_RawValue_EURange,1109,Unspecified
AnalogSensorFunctionType_Operational_RawValue_EngineeringUnits,1110,Unspecified
AnalogSensorFunctionType_Operational_SensorValue,1111,Unspecified
AnalogSensorFunctionType_Operational_SensorValue_Definition,1112,Unspecified
AnalogSensorFunctionType_Operational_SensorValue_ValuePrecision,1113,Unspecified
AnalogSensorFunctionType_Operational_SensorValue_InstrumentRange,1114,Unspecified
AnalogSensorFunctionType_Operational_SensorValue_EURange,1115,Unspecified
AnalogSensorFunctionType_Operational_SensorValue_EngineeringUnits,1116,Unspecified
AnalogSensorFunctionOperationalType_GroupIdentifier,1117,Unspecified
AnalogSensorFunctionOperationalType_GroupIdentifier_UIElement,1118,Unspecified
AnalogSensorFunctionOperationalType_UIElement,1119,Unspecified
BaseSensorFunctionType_Operational_RawValue,1120,Unspecified
BaseSensorFunctionType_Operational_RawValue_Definition,1121,Unspecified
BaseSensorFunctionType_Operational_RawValue_ValuePrecision,1122,Unspecified
BaseSensorFunctionType_Operational_RawValue_InstrumentRange,1123,Unspecified
BaseSensorFunctionType_Operational_RawValue_EURange,1124,Unspecified
BaseSensorFunctionType_Operational_RawValue_EngineeringUnits,1125,Unspecified
BaseSensorFunctionType_Operational_SensorValue,1126,Unspecified
BaseSensorFunctionType_Operational_SensorValue_Definition,1127,Unspecified
BaseSensorFunctionType_Operational_SensorValue_ValuePrecision,1128,Unspecified
BaseSensorFunctionType_Operational_SensorValue_InstrumentRange,1129,Unspecified
BaseSensorFunctionType_Operational_SensorValue_EURange,1130,Unspecified
BaseSensorFunctionType_Operational_SensorValue_EngineeringUnits,1131,Unspecified
AnalogSensorFunctionWithCompensationType_Operational_RawValue,1132,Unspecified
AnalogSensorFunctionWithCompensationType_Operational_RawValue_Definition,1133,Unspecified
AnalogSensorFunctionWithCompensationType_Operational_RawValue_ValuePrecision,1134,Unspecified
AnalogSensorFunctionWithCompensationType_Operational_RawValue_InstrumentRange,1135,Unspecified
AnalogSensorFunctionWithCompensationType_Operational_RawValue_EURange,1136,Unspecified
AnalogSensorFunctionWithCompensationType_Operational_RawValue_EngineeringUnits,1137,Unspecified
AnalogSensorFunctionWithCompensationType_Operational_SensorValue,1138,Unspecified
AnalogSensorFunctionWithCompensationType_Operational_SensorValue_Definition,1139,Unspecified
AnalogSensorFunctionWithCompensationType_Operational_SensorValue_ValuePrecision,1140,Unspecified
AnalogSensorFunctionWithCompensationType_Operational_SensorValue_InstrumentRange,1141,Unspecified
AnalogSensorFunctionWithCompensationType_Operational_SensorValue_EURange,1142,Unspecified
AnalogSensorFunctionWithCompensationType_Operational_SensorValue_EngineeringUnits,1143,Unspecified
