OPCUADINamespaceMetadata,1,Object
OPCUADINamespaceMetadata_NamespaceUri,2,Variable
OPCUADINamespaceMetadata_NamespaceVersion,3,Variable
OPCUADINamespaceMetadata_NamespacePublicationDate,4,Variable
OPCUADINamespaceMetadata_IsNamespaceSubset,5,Variable
OPCUADINamespaceMetadata_StaticNodeIdTypes,6,Variable
OPCUADINamespaceMetadata_StaticNumericNodeIdRange,7,Variable
OPCUADINamespaceMetadata_StaticStringNodeIdPattern,8,Variable
OPCUADINamespaceMetadata_NamespaceFile,9,Object
OPCUADINamespaceMetadata_NamespaceFile_Size,10,Variable
OPCUADINamespaceMetadata_NamespaceFile_Writable,11,Variable
OPCUADINamespaceMetadata_NamespaceFile_UserWritable,12,Variable
OPCUADINamespaceMetadata_NamespaceFile_OpenCount,13,Variable
OPCUADINamespaceMetadata_NamespaceFile_MimeType,14,Variable
OPCUADINamespaceMetadata_NamespaceFile_MaxByteStringLength,15,Variable
OPCUADINamespaceMetadata_NamespaceFile_Open,16,Method
OPCUADINamespaceMetadata_NamespaceFile_Open_InputArguments,17,Variable
OPCUADINamespaceMetadata_NamespaceFile_Open_OutputArguments,18,Variable
OPCUADINamespaceMetadata_NamespaceFile_Close,19,Method
OPCUADINamespaceMetadata_NamespaceFile_Close_InputArguments,20,Variable
OPCUADINamespaceMetadata_NamespaceFile_Read,21,Method
OPCUADINamespaceMetadata_NamespaceFile_Read_InputArguments,22,Variable
OPCUADINamespaceMetadata_NamespaceFile_Read_OutputArguments,23,Variable
OPCUADINamespaceMetadata_NamespaceFile_Write,24,Method
OPCUADINamespaceMetadata_NamespaceFile_Write_InputArguments,25,Variable
OPCUADINamespaceMetadata_NamespaceFile_GetPosition,26,Method
OPCUADINamespaceMetadata_NamespaceFile_GetPosition_InputArguments,27,Variable
OPCUADINamespaceMetadata_NamespaceFile_GetPosition_OutputArguments,28,Variable
OPCUADINamespaceMetadata_NamespaceFile_SetPosition,29,Method
OPCUADINamespaceMetadata_NamespaceFile_SetPosition_InputArguments,30,Variable
OPCUADINamespaceMetadata_NamespaceFile_ExportNamespace,31,Method
OPCUADINamespaceMetadata_DefaultRolePermissions,32,Variable
OPCUADINamespaceMetadata_DefaultUserRolePermissions,33,Variable
OPCUADINamespaceMetadata_DefaultAccessRestrictions,34,Variable
ConnectsTo,35,ReferenceType
ConnectsToParent,36,ReferenceType
IsOnline,37,ReferenceType
DeviceSet,38,Object
DeviceFeatures,39,Object
NetworkSet,40,Object
DeviceTopology,41,Object
DeviceTopology_OnlineAccess,42,Variable
TopologyElementType,43,ObjectType
TopologyElementType_ParameterSet,44,Object
TopologyElementType_ParameterSet_ParameterIdentifier,45,Variable
TopologyElementType_MethodSet,46,Object
TopologyElementType_GroupIdentifier,47,Object
TopologyElementType_GroupIdentifier_UIElement,48,Variable
TopologyElementType_Identification,49,Object
TopologyElementType_Identification_UIElement,50,Variable
TopologyElementType_Lock,51,Object
TopologyElementType_Lock_Locked,52,Variable
TopologyElementType_Lock_LockingClient,53,Variable
TopologyElementType_Lock_LockingUser,54,Variable
TopologyElementType_Lock_RemainingLockTime,55,Variable
TopologyElementType_Lock_InitLock,56,Method
TopologyElementType_Lock_InitLock_InputArguments,57,Variable
TopologyElementType_Lock_InitLock_OutputArguments,58,Variable
TopologyElementType_Lock_RenewLock,59,Method
TopologyElementType_Lock_RenewLock_OutputArguments,60,Variable
TopologyElementType_Lock_ExitLock,61,Method
TopologyElementType_Lock_ExitLock_OutputArguments,62,Variable
TopologyElementType_Lock_BreakLock,63,Method
TopologyElementType_Lock_BreakLock_OutputArguments,64,Variable
IVendorNameplateType,65,ObjectType
IVendorNameplateType_Manufacturer,66,Variable
IVendorNameplateType_ManufacturerUri,67,Variable
IVendorNameplateType_Model,68,Variable
IVendorNameplateType_HardwareRevision,69,Variable
IVendorNameplateType_SoftwareRevision,70,Variable
IVendorNameplateType_DeviceRevision,71,Variable
IVendorNameplateType_ProductCode,72,Variable
IVendorNameplateType_DeviceManual,73,Variable
IVendorNameplateType_DeviceClass,74,Variable
IVendorNameplateType_SerialNumber,75,Variable
IVendorNameplateType_ProductInstanceUri,76,Variable
IVendorNameplateType_RevisionCounter,77,Variable
ITagNameplateType,78,ObjectType
ITagNameplateType_AssetId,79,Variable
ITagNameplateType_ComponentName,80,Variable
IDeviceHealthType,81,ObjectType
IDeviceHealthType_DeviceHealth,82,Variable
IDeviceHealthType_DeviceHealthAlarms,83,Object
ISupportInfoType,84,ObjectType
ISupportInfoType_DeviceTypeImage,85,Object
ISupportInfoType_DeviceTypeImage_ImageIdentifier,86,Variable
ISupportInfoType_Documentation,87,Object
ISupportInfoType_Documentation_DocumentIdentifier,88,Variable
ISupportInfoType_ProtocolSupport,89,Object
ISupportInfoType_ProtocolSupport_ProtocolSupportIdentifier,90,Variable
ISupportInfoType_ImageSet,91,Object
ISupportInfoType_ImageSet_ImageIdentifier,92,Variable
ComponentType,93,ObjectType
ComponentType_ParameterSet,94,Object
ComponentType_ParameterSet_ParameterIdentifier,95,Variable
ComponentType_MethodSet,96,Object
ComponentType_GroupIdentifier,97,Object
ComponentType_GroupIdentifier_UIElement,98,Variable
ComponentType_Identification,99,Object
ComponentType_Identification_UIElement,100,Variable
ComponentType_Lock,101,Object
ComponentType_Lock_Locked,102,Variable
ComponentType_Lock_LockingClient,103,Variable
ComponentType_Lock_LockingUser,104,Variable
ComponentType_Lock_RemainingLockTime,105,Variable
ComponentType_Lock_InitLock,106,Method
ComponentType_Lock_InitLock_InputArguments,107,Variable
ComponentType_Lock_InitLock_OutputArguments,108,Variable
ComponentType_Lock_RenewLock,109,Method
ComponentType_Lock_RenewLock_OutputArguments,110,Variable
ComponentType_Lock_ExitLock,111,Method
ComponentType_Lock_ExitLock_OutputArguments,112,Variable
ComponentType_Lock_BreakLock,113,Method
ComponentType_Lock_BreakLock_OutputArguments,114,Variable
ComponentType_Manufacturer,115,Variable
ComponentType_ManufacturerUri,116,Variable
ComponentType_Model,117,Variable
ComponentType_HardwareRevision,118,Variable
ComponentType_SoftwareRevision,119,Variable
ComponentType_DeviceRevision,120,Variable
ComponentType_ProductCode,121,Variable
ComponentType_DeviceManual,122,Variable
ComponentType_DeviceClass,123,Variable
ComponentType_SerialNumber,124,Variable
ComponentType_ProductInstanceUri,125,Variable
ComponentType_RevisionCounter,126,Variable
ComponentType_AssetId,127,Variable
ComponentType_ComponentName,128,Variable
DeviceType,129,ObjectType
DeviceType_ParameterSet,130,Object
DeviceType_ParameterSet_ParameterIdentifier,131,Variable
DeviceType_MethodSet,132,Object
DeviceType_GroupIdentifier,133,Object
DeviceType_GroupIdentifier_UIElement,134,Variable
DeviceType_Identification,135,Object
DeviceType_Identification_UIElement,136,Variable
DeviceType_Lock,137,Object
DeviceType_Lock_Locked,138,Variable
DeviceType_Lock_LockingClient,139,Variable
DeviceType_Lock_LockingUser,140,Variable
DeviceType_Lock_RemainingLockTime,141,Variable
DeviceType_Lock_InitLock,142,Method
DeviceType_Lock_InitLock_InputArguments,143,Variable
DeviceType_Lock_InitLock_OutputArguments,144,Variable
DeviceType_Lock_RenewLock,145,Method
DeviceType_Lock_RenewLock_OutputArguments,146,Variable
DeviceType_Lock_ExitLock,147,Method
DeviceType_Lock_ExitLock_OutputArguments,148,Variable
DeviceType_Lock_BreakLock,149,Method
DeviceType_Lock_BreakLock_OutputArguments,150,Variable
DeviceType_Manufacturer,151,Variable
DeviceType_ManufacturerUri,152,Variable
DeviceType_Model,153,Variable
DeviceType_HardwareRevision,154,Variable
DeviceType_SoftwareRevision,155,Variable
DeviceType_DeviceRevision,156,Variable
DeviceType_ProductCode,157,Variable
DeviceType_DeviceManual,158,Variable
DeviceType_DeviceClass,159,Variable
DeviceType_SerialNumber,160,Variable
DeviceType_ProductInstanceUri,161,Variable
DeviceType_RevisionCounter,162,Variable
DeviceType_AssetId,163,Variable
DeviceType_ComponentName,164,Variable
DeviceType_CPIdentifier,165,Object
DeviceType_CPIdentifier_ParameterSet,166,Object
DeviceType_CPIdentifier_ParameterSet_ParameterIdentifier,167,Variable
DeviceType_CPIdentifier_MethodSet,168,Object
DeviceType_CPIdentifier_Identification,169,Object
DeviceType_CPIdentifier_Identification_UIElement,170,Variable
DeviceType_CPIdentifier_Lock,171,Object
DeviceType_CPIdentifier_Lock_Locked,172,Variable
DeviceType_CPIdentifier_Lock_LockingClient,173,Variable
DeviceType_CPIdentifier_Lock_LockingUser,174,Variable
DeviceType_CPIdentifier_Lock_RemainingLockTime,175,Variable
DeviceType_CPIdentifier_Lock_InitLock,176,Method
DeviceType_CPIdentifier_Lock_InitLock_InputArguments,177,Variable
DeviceType_CPIdentifier_Lock_InitLock_OutputArguments,178,Variable
DeviceType_CPIdentifier_Lock_RenewLock,179,Method
DeviceType_CPIdentifier_Lock_RenewLock_OutputArguments,180,Variable
DeviceType_CPIdentifier_Lock_ExitLock,181,Method
DeviceType_CPIdentifier_Lock_ExitLock_OutputArguments,182,Variable
DeviceType_CPIdentifier_Lock_BreakLock,183,Method
DeviceType_CPIdentifier_Lock_BreakLock_OutputArguments,184,Variable
DeviceType_CPIdentifier_NetworkAddress,185,Object
DeviceType_CPIdentifier_NetworkAddress_UIElement,186,Variable
DeviceType_DeviceHealth,187,Variable
DeviceType_DeviceHealthAlarms,188,Object
DeviceType_DeviceTypeImage,189,Object
DeviceType_DeviceTypeImage_ImageIdentifier,190,Variable
DeviceType_Documentation,191,Object
DeviceType_Documentation_DocumentIdentifier,192,Variable
DeviceType_ProtocolSupport,193,Object
DeviceType_ProtocolSupport_ProtocolSupportIdentifier,194,Variable
DeviceType_ImageSet,195,Object
DeviceType_ImageSet_ImageIdentifier,196,Variable
SoftwareType,197,ObjectType
SoftwareType_ParameterSet,198,Object
SoftwareType_ParameterSet_ParameterIdentifier,199,Variable
SoftwareType_MethodSet,200,Object
SoftwareType_GroupIdentifier,201,Object
SoftwareType_GroupIdentifier_UIElement,202,Variable
SoftwareType_Identification,203,Object
SoftwareType_Identification_UIElement,204,Variable
SoftwareType_Lock,205,Object
SoftwareType_Lock_Locked,206,Variable
SoftwareType_Lock_LockingClient,207,Variable
SoftwareType_Lock_LockingUser,208,Variable
SoftwareType_Lock_RemainingLockTime,209,Variable
SoftwareType_Lock_InitLock,210,Method
SoftwareType_Lock_InitLock_InputArguments,211,Variable
SoftwareType_Lock_InitLock_OutputArguments,212,Variable
SoftwareType_Lock_RenewLock,213,Method
SoftwareType_Lock_RenewLock_OutputArguments,214,Variable
SoftwareType_Lock_ExitLock,215,Method
SoftwareType_Lock_ExitLock_OutputArguments,216,Variable
SoftwareType_Lock_BreakLock,217,Method
SoftwareType_Lock_BreakLock_OutputArguments,218,Variable
SoftwareType_Manufacturer,219,Variable
SoftwareType_ManufacturerUri,220,Variable
SoftwareType_Model,221,Variable
SoftwareType_HardwareRevision,222,Variable
SoftwareType_SoftwareRevision,223,Variable
SoftwareType_DeviceRevision,224,Variable
SoftwareType_ProductCode,225,Variable
SoftwareType_DeviceManual,226,Variable
SoftwareType_DeviceClass,227,Variable
SoftwareType_SerialNumber,228,Variable
SoftwareType_ProductInstanceUri,229,Variable
SoftwareType_RevisionCounter,230,Variable
SoftwareType_AssetId,231,Variable
SoftwareType_ComponentName,232,Variable
BlockType,233,ObjectType
BlockType_ParameterSet,234,Object
BlockType_ParameterSet_ParameterIdentifier,235,Variable
BlockType_MethodSet,236,Object
BlockType_GroupIdentifier,237,Object
BlockType_GroupIdentifier_UIElement,238,Variable
BlockType_Identification,239,Object
BlockType_Identification_UIElement,240,Variable
BlockType_Lock,241,Object
BlockType_Lock_Locked,242,Variable
BlockType_Lock_LockingClient,243,Variable
BlockType_Lock_LockingUser,244,Variable
BlockType_Lock_RemainingLockTime,245,Variable
BlockType_Lock_InitLock,246,Method
BlockType_Lock_InitLock_InputArguments,247,Variable
BlockType_Lock_InitLock_OutputArguments,248,Variable
BlockType_Lock_RenewLock,249,Method
BlockType_Lock_RenewLock_OutputArguments,250,Variable
BlockType_Lock_ExitLock,251,Method
BlockType_Lock_ExitLock_OutputArguments,252,Variable
BlockType_Lock_BreakLock,253,Method
BlockType_Lock_BreakLock_OutputArguments,254,Variable
BlockType_RevisionCounter,255,Variable
BlockType_ActualMode,256,Variable
BlockType_PermittedMode,257,Variable
BlockType_NormalMode,258,Variable
BlockType_TargetMode,259,Variable
DeviceHealthDiagnosticAlarmType,260,ObjectType
DeviceHealthDiagnosticAlarmType_EventId,261,Variable
DeviceHealthDiagnosticAlarmType_EventType,262,Variable
DeviceHealthDiagnosticAlarmType_SourceNode,263,Variable
DeviceHealthDiagnosticAlarmType_SourceName,264,Variable
DeviceHealthDiagnosticAlarmType_Time,265,Variable
DeviceHealthDiagnosticAlarmType_ReceiveTime,266,Variable
DeviceHealthDiagnosticAlarmType_LocalTime,267,Variable
DeviceHealthDiagnosticAlarmType_Message,268,Variable
DeviceHealthDiagnosticAlarmType_Severity,269,Variable
DeviceHealthDiagnosticAlarmType_ConditionClassId,270,Variable
DeviceHealthDiagnosticAlarmType_ConditionClassName,271,Variable
DeviceHealthDiagnosticAlarmType_ConditionSubClassId,272,Variable
DeviceHealthDiagnosticAlarmType_ConditionSubClassName,273,Variable
DeviceHealthDiagnosticAlarmType_ConditionName,274,Variable
DeviceHealthDiagnosticAlarmType_BranchId,275,Variable
DeviceHealthDiagnosticAlarmType_Retain,276,Variable
DeviceHealthDiagnosticAlarmType_EnabledState,277,Variable
DeviceHealthDiagnosticAlarmType_EnabledState_Id,278,Variable
DeviceHealthDiagnosticAlarmType_EnabledState_Name,279,Variable
DeviceHealthDiagnosticAlarmType_EnabledState_Number,280,Variable
DeviceHealthDiagnosticAlarmType_EnabledState_EffectiveDisplayName,281,Variable
DeviceHealthDiagnosticAlarmType_EnabledState_TransitionTime,282,Variable
DeviceHealthDiagnosticAlarmType_EnabledState_EffectiveTransitionTime,283,Variable
DeviceHealthDiagnosticAlarmType_EnabledState_TrueState,284,Variable
DeviceHealthDiagnosticAlarmType_EnabledState_FalseState,285,Variable
DeviceHealthDiagnosticAlarmType_Quality,286,Variable
DeviceHealthDiagnosticAlarmType_Quality_SourceTimestamp,287,Variable
DeviceHealthDiagnosticAlarmType_LastSeverity,288,Variable
DeviceHealthDiagnosticAlarmType_LastSeverity_SourceTimestamp,289,Variable
DeviceHealthDiagnosticAlarmType_Comment,290,Variable
DeviceHealthDiagnosticAlarmType_Comment_SourceTimestamp,291,Variable
DeviceHealthDiagnosticAlarmType_ClientUserId,292,Variable
DeviceHealthDiagnosticAlarmType_Disable,293,Method
DeviceHealthDiagnosticAlarmType_Enable,294,Method
DeviceHealthDiagnosticAlarmType_AddComment,295,Method
DeviceHealthDiagnosticAlarmType_AddComment_InputArguments,296,Variable
DeviceHealthDiagnosticAlarmType_ConditionRefresh,297,Method
DeviceHealthDiagnosticAlarmType_ConditionRefresh_InputArguments,298,Variable
DeviceHealthDiagnosticAlarmType_ConditionRefresh2,299,Method
DeviceHealthDiagnosticAlarmType_ConditionRefresh2_InputArguments,300,Variable
DeviceHealthDiagnosticAlarmType_AckedState,301,Variable
DeviceHealthDiagnosticAlarmType_AckedState_Id,302,Variable
DeviceHealthDiagnosticAlarmType_AckedState_Name,303,Variable
DeviceHealthDiagnosticAlarmType_AckedState_Number,304,Variable
DeviceHealthDiagnosticAlarmType_AckedState_EffectiveDisplayName,305,Variable
DeviceHealthDiagnosticAlarmType_AckedState_TransitionTime,306,Variable
DeviceHealthDiagnosticAlarmType_AckedState_EffectiveTransitionTime,307,Variable
DeviceHealthDiagnosticAlarmType_AckedState_TrueState,308,Variable
DeviceHealthDiagnosticAlarmType_AckedState_FalseState,309,Variable
DeviceHealthDiagnosticAlarmType_ConfirmedState,310,Variable
DeviceHealthDiagnosticAlarmType_ConfirmedState_Id,311,Variable
DeviceHealthDiagnosticAlarmType_ConfirmedState_Name,312,Variable
DeviceHealthDiagnosticAlarmType_ConfirmedState_Number,313,Variable
DeviceHealthDiagnosticAlarmType_ConfirmedState_EffectiveDisplayName,314,Variable
DeviceHealthDiagnosticAlarmType_ConfirmedState_TransitionTime,315,Variable
DeviceHealthDiagnosticAlarmType_ConfirmedState_EffectiveTransitionTime,316,Variable
DeviceHealthDiagnosticAlarmType_ConfirmedState_TrueState,317,Variable
DeviceHealthDiagnosticAlarmType_ConfirmedState_FalseState,318,Variable
DeviceHealthDiagnosticAlarmType_Acknowledge,319,Method
DeviceHealthDiagnosticAlarmType_Acknowledge_InputArguments,320,Variable
DeviceHealthDiagnosticAlarmType_Confirm,321,Method
DeviceHealthDiagnosticAlarmType_Confirm_InputArguments,322,Variable
DeviceHealthDiagnosticAlarmType_ActiveState,323,Variable
DeviceHealthDiagnosticAlarmType_ActiveState_Id,324,Variable
DeviceHealthDiagnosticAlarmType_ActiveState_Name,325,Variable
DeviceHealthDiagnosticAlarmType_ActiveState_Number,326,Variable
DeviceHealthDiagnosticAlarmType_ActiveState_EffectiveDisplayName,327,Variable
DeviceHealthDiagnosticAlarmType_ActiveState_TransitionTime,328,Variable
DeviceHealthDiagnosticAlarmType_ActiveState_EffectiveTransitionTime,329,Variable
DeviceHealthDiagnosticAlarmType_ActiveState_TrueState,330,Variable
DeviceHealthDiagnosticAlarmType_ActiveState_FalseState,331,Variable
DeviceHealthDiagnosticAlarmType_InputNode,332,Variable
DeviceHealthDiagnosticAlarmType_SuppressedState,333,Variable
DeviceHealthDiagnosticAlarmType_SuppressedState_Id,334,Variable
DeviceHealthDiagnosticAlarmType_SuppressedState_Name,335,Variable
DeviceHealthDiagnosticAlarmType_SuppressedState_Number,336,Variable
DeviceHealthDiagnosticAlarmType_SuppressedState_EffectiveDisplayName,337,Variable
DeviceHealthDiagnosticAlarmType_SuppressedState_TransitionTime,338,Variable
DeviceHealthDiagnosticAlarmType_SuppressedState_EffectiveTransitionTime,339,Variable
DeviceHealthDiagnosticAlarmType_SuppressedState_TrueState,340,Variable
DeviceHealthDiagnosticAlarmType_SuppressedState_FalseState,341,Variable
DeviceHealthDiagnosticAlarmType_OutOfServiceState,342,Variable
DeviceHealthDiagnosticAlarmType_OutOfServiceState_Id,343,Variable
DeviceHealthDiagnosticAlarmType_OutOfServiceState_Name,344,Variable
DeviceHealthDiagnosticAlarmType_OutOfServiceState_Number,345,Variable
DeviceHealthDiagnosticAlarmType_OutOfServiceState_EffectiveDisplayName,346,Variable
DeviceHealthDiagnosticAlarmType_OutOfServiceState_TransitionTime,347,Variable
DeviceHealthDiagnosticAlarmType_OutOfServiceState_EffectiveTransitionTime,348,Variable
DeviceHealthDiagnosticAlarmType_OutOfServiceState_TrueState,349,Variable
DeviceHealthDiagnosticAlarmType_OutOfServiceState_FalseState,350,Variable
DeviceHealthDiagnosticAlarmType_ShelvingState,351,Object
DeviceHealthDiagnosticAlarmType_ShelvingState_CurrentState,352,Variable
DeviceHealthDiagnosticAlarmType_ShelvingState_CurrentState_Id,353,Variable
DeviceHealthDiagnosticAlarmType_ShelvingState_CurrentState_Name,354,Variable
DeviceHealthDiagnosticAlarmType_ShelvingState_CurrentState_Number,355,Variable
DeviceHealthDiagnosticAlarmType_ShelvingState_CurrentState_EffectiveDisplayName,356,Variable
DeviceHealthDiagnosticAlarmType_ShelvingState_LastTransition,357,Variable
DeviceHealthDiagnosticAlarmType_ShelvingState_LastTransition_Id,358,Variable
DeviceHealthDiagnosticAlarmType_ShelvingState_LastTransition_Name,359,Variable
DeviceHealthDiagnosticAlarmType_ShelvingState_LastTransition_Number,360,Variable
DeviceHealthDiagnosticAlarmType_ShelvingState_LastTransition_TransitionTime,361,Variable
DeviceHealthDiagnosticAlarmType_ShelvingState_LastTransition_EffectiveTransitionTime,362,Variable
DeviceHealthDiagnosticAlarmType_ShelvingState_AvailableStates,363,Variable
DeviceHealthDiagnosticAlarmType_ShelvingState_AvailableTransitions,364,Variable
DeviceHealthDiagnosticAlarmType_ShelvingState_UnshelveTime,365,Variable
DeviceHealthDiagnosticAlarmType_ShelvingState_TimedShelve,366,Method
DeviceHealthDiagnosticAlarmType_ShelvingState_TimedShelve_InputArguments,367,Variable
DeviceHealthDiagnosticAlarmType_ShelvingState_Unshelve,368,Method
DeviceHealthDiagnosticAlarmType_ShelvingState_OneShotShelve,369,Method
DeviceHealthDiagnosticAlarmType_SuppressedOrShelved,370,Variable
DeviceHealthDiagnosticAlarmType_MaxTimeShelved,371,Variable
DeviceHealthDiagnosticAlarmType_AudibleEnabled,372,Variable
DeviceHealthDiagnosticAlarmType_AudibleSound,373,Variable
DeviceHealthDiagnosticAlarmType_AudibleSound_ListId,374,Variable
DeviceHealthDiagnosticAlarmType_AudibleSound_AgencyId,375,Variable
DeviceHealthDiagnosticAlarmType_AudibleSound_VersionId,376,Variable
DeviceHealthDiagnosticAlarmType_SilenceState,377,Variable
DeviceHealthDiagnosticAlarmType_SilenceState_Id,378,Variable
DeviceHealthDiagnosticAlarmType_SilenceState_Name,379,Variable
DeviceHealthDiagnosticAlarmType_SilenceState_Number,380,Variable
DeviceHealthDiagnosticAlarmType_SilenceState_EffectiveDisplayName,381,Variable
DeviceHealthDiagnosticAlarmType_SilenceState_TransitionTime,382,Variable
DeviceHealthDiagnosticAlarmType_SilenceState_EffectiveTransitionTime,383,Variable
DeviceHealthDiagnosticAlarmType_SilenceState_TrueState,384,Variable
DeviceHealthDiagnosticAlarmType_SilenceState_FalseState,385,Variable
DeviceHealthDiagnosticAlarmType_OnDelay,386,Variable
DeviceHealthDiagnosticAlarmType_OffDelay,387,Variable
DeviceHealthDiagnosticAlarmType_FirstInGroupFlag,388,Variable
DeviceHealthDiagnosticAlarmType_FirstInGroup,389,Object
DeviceHealthDiagnosticAlarmType_LatchedState,390,Variable
DeviceHealthDiagnosticAlarmType_LatchedState_Id,391,Variable
DeviceHealthDiagnosticAlarmType_LatchedState_Name,392,Variable
DeviceHealthDiagnosticAlarmType_LatchedState_Number,393,Variable
DeviceHealthDiagnosticAlarmType_LatchedState_EffectiveDisplayName,394,Variable
DeviceHealthDiagnosticAlarmType_LatchedState_TransitionTime,395,Variable
DeviceHealthDiagnosticAlarmType_LatchedState_EffectiveTransitionTime,396,Variable
DeviceHealthDiagnosticAlarmType_LatchedState_TrueState,397,Variable
DeviceHealthDiagnosticAlarmType_LatchedState_FalseState,398,Variable
DeviceHealthDiagnosticAlarmType_AlarmGroup_Placeholder,399,Object
DeviceHealthDiagnosticAlarmType_ReAlarmTime,400,Variable
DeviceHealthDiagnosticAlarmType_ReAlarmRepeatCount,401,Variable
DeviceHealthDiagnosticAlarmType_Silence,402,Method
DeviceHealthDiagnosticAlarmType_Suppress,403,Method
DeviceHealthDiagnosticAlarmType_Unsuppress,404,Method
DeviceHealthDiagnosticAlarmType_RemoveFromService,405,Method
DeviceHealthDiagnosticAlarmType_PlaceInService,406,Method
DeviceHealthDiagnosticAlarmType_Reset,407,Method
DeviceHealthDiagnosticAlarmType_NormalState,408,Variable
FailureAlarmType,409,ObjectType
FailureAlarmType_EventId,410,Variable
FailureAlarmType_EventType,411,Variable
FailureAlarmType_SourceNode,412,Variable
FailureAlarmType_SourceName,413,Variable
FailureAlarmType_Time,414,Variable
FailureAlarmType_ReceiveTime,415,Variable
FailureAlarmType_LocalTime,416,Variable
FailureAlarmType_Message,417,Variable
FailureAlarmType_Severity,418,Variable
FailureAlarmType_ConditionClassId,419,Variable
FailureAlarmType_ConditionClassName,420,Variable
FailureAlarmType_ConditionSubClassId,421,Variable
FailureAlarmType_ConditionSubClassName,422,Variable
FailureAlarmType_ConditionName,423,Variable
FailureAlarmType_BranchId,424,Variable
FailureAlarmType_Retain,425,Variable
FailureAlarmType_EnabledState,426,Variable
FailureAlarmType_EnabledState_Id,427,Variable
FailureAlarmType_EnabledState_Name,428,Variable
FailureAlarmType_EnabledState_Number,429,Variable
FailureAlarmType_EnabledState_EffectiveDisplayName,430,Variable
FailureAlarmType_EnabledState_TransitionTime,431,Variable
FailureAlarmType_EnabledState_EffectiveTransitionTime,432,Variable
FailureAlarmType_EnabledState_TrueState,433,Variable
FailureAlarmType_EnabledState_FalseState,434,Variable
FailureAlarmType_Quality,435,Variable
FailureAlarmType_Quality_SourceTimestamp,436,Variable
FailureAlarmType_LastSeverity,437,Variable
FailureAlarmType_LastSeverity_SourceTimestamp,438,Variable
FailureAlarmType_Comment,439,Variable
FailureAlarmType_Comment_SourceTimestamp,440,Variable
FailureAlarmType_ClientUserId,441,Variable
FailureAlarmType_Disable,442,Method
FailureAlarmType_Enable,443,Method
FailureAlarmType_AddComment,444,Method
FailureAlarmType_AddComment_InputArguments,445,Variable
FailureAlarmType_ConditionRefresh,446,Method
FailureAlarmType_ConditionRefresh_InputArguments,447,Variable
FailureAlarmType_ConditionRefresh2,448,Method
FailureAlarmType_ConditionRefresh2_InputArguments,449,Variable
FailureAlarmType_AckedState,450,Variable
FailureAlarmType_AckedState_Id,451,Variable
FailureAlarmType_AckedState_Name,452,Variable
FailureAlarmType_AckedState_Number,453,Variable
FailureAlarmType_AckedState_EffectiveDisplayName,454,Variable
FailureAlarmType_AckedState_TransitionTime,455,Variable
FailureAlarmType_AckedState_EffectiveTransitionTime,456,Variable
FailureAlarmType_AckedState_TrueState,457,Variable
FailureAlarmType_AckedState_FalseState,458,Variable
FailureAlarmType_ConfirmedState,459,Variable
FailureAlarmType_ConfirmedState_Id,460,Variable
FailureAlarmType_ConfirmedState_Name,461,Variable
FailureAlarmType_ConfirmedState_Number,462,Variable
FailureAlarmType_ConfirmedState_EffectiveDisplayName,463,Variable
FailureAlarmType_ConfirmedState_TransitionTime,464,Variable
FailureAlarmType_ConfirmedState_EffectiveTransitionTime,465,Variable
FailureAlarmType_ConfirmedState_TrueState,466,Variable
FailureAlarmType_ConfirmedState_FalseState,467,Variable
FailureAlarmType_Acknowledge,468,Method
FailureAlarmType_Acknowledge_InputArguments,469,Variable
FailureAlarmType_Confirm,470,Method
FailureAlarmType_Confirm_InputArguments,471,Variable
FailureAlarmType_ActiveState,472,Variable
FailureAlarmType_ActiveState_Id,473,Variable
FailureAlarmType_ActiveState_Name,474,Variable
FailureAlarmType_ActiveState_Number,475,Variable
FailureAlarmType_ActiveState_EffectiveDisplayName,476,Variable
FailureAlarmType_ActiveState_TransitionTime,477,Variable
FailureAlarmType_ActiveState_EffectiveTransitionTime,478,Variable
FailureAlarmType_ActiveState_TrueState,479,Variable
FailureAlarmType_ActiveState_FalseState,480,Variable
FailureAlarmType_InputNode,481,Variable
FailureAlarmType_SuppressedState,482,Variable
FailureAlarmType_SuppressedState_Id,483,Variable
FailureAlarmType_SuppressedState_Name,484,Variable
FailureAlarmType_SuppressedState_Number,485,Variable
FailureAlarmType_SuppressedState_EffectiveDisplayName,486,Variable
FailureAlarmType_SuppressedState_TransitionTime,487,Variable
FailureAlarmType_SuppressedState_EffectiveTransitionTime,488,Variable
FailureAlarmType_SuppressedState_TrueState,489,Variable
FailureAlarmType_SuppressedState_FalseState,490,Variable
FailureAlarmType_OutOfServiceState,491,Variable
FailureAlarmType_OutOfServiceState_Id,492,Variable
FailureAlarmType_OutOfServiceState_Name,493,Variable
FailureAlarmType_OutOfServiceState_Number,494,Variable
FailureAlarmType_OutOfServiceState_EffectiveDisplayName,495,Variable
FailureAlarmType_OutOfServiceState_TransitionTime,496,Variable
FailureAlarmType_OutOfServiceState_EffectiveTransitionTime,497,Variable
FailureAlarmType_OutOfServiceState_TrueState,498,Variable
FailureAlarmType_OutOfServiceState_FalseState,499,Variable
FailureAlarmType_ShelvingState,500,Object
FailureAlarmType_ShelvingState_CurrentState,501,Variable
FailureAlarmType_ShelvingState_CurrentState_Id,502,Variable
FailureAlarmType_ShelvingState_CurrentState_Name,503,Variable
FailureAlarmType_ShelvingState_CurrentState_Number,504,Variable
FailureAlarmType_ShelvingState_CurrentState_EffectiveDisplayName,505,Variable
FailureAlarmType_ShelvingState_LastTransition,506,Variable
FailureAlarmType_ShelvingState_LastTransition_Id,507,Variable
FailureAlarmType_ShelvingState_LastTransition_Name,508,Variable
FailureAlarmType_ShelvingState_LastTransition_Number,509,Variable
FailureAlarmType_ShelvingState_LastTransition_TransitionTime,510,Variable
FailureAlarmType_ShelvingState_LastTransition_EffectiveTransitionTime,511,Variable
FailureAlarmType_ShelvingState_AvailableStates,512,Variable
FailureAlarmType_ShelvingState_AvailableTransitions,513,Variable
FailureAlarmType_ShelvingState_UnshelveTime,514,Variable
FailureAlarmType_ShelvingState_TimedShelve,515,Method
FailureAlarmType_ShelvingState_TimedShelve_InputArguments,516,Variable
FailureAlarmType_ShelvingState_Unshelve,517,Method
FailureAlarmType_ShelvingState_OneShotShelve,518,Method
FailureAlarmType_SuppressedOrShelved,519,Variable
FailureAlarmType_MaxTimeShelved,520,Variable
FailureAlarmType_AudibleEnabled,521,Variable
FailureAlarmType_AudibleSound,522,Variable
FailureAlarmType_AudibleSound_ListId,523,Variable
FailureAlarmType_AudibleSound_AgencyId,524,Variable
FailureAlarmType_AudibleSound_VersionId,525,Variable
FailureAlarmType_SilenceState,526,Variable
FailureAlarmType_SilenceState_Id,527,Variable
FailureAlarmType_SilenceState_Name,528,Variable
FailureAlarmType_SilenceState_Number,529,Variable
FailureAlarmType_SilenceState_EffectiveDisplayName,530,Variable
FailureAlarmType_SilenceState_TransitionTime,531,Variable
FailureAlarmType_SilenceState_EffectiveTransitionTime,532,Variable
FailureAlarmType_SilenceState_TrueState,533,Variable
FailureAlarmType_SilenceState_FalseState,534,Variable
FailureAlarmType_OnDelay,535,Variable
FailureAlarmType_OffDelay,536,Variable
FailureAlarmType_FirstInGroupFlag,537,Variable
FailureAlarmType_FirstInGroup,538,Object
FailureAlarmType_LatchedState,539,Variable
FailureAlarmType_LatchedState_Id,540,Variable
FailureAlarmType_LatchedState_Name,541,Variable
FailureAlarmType_LatchedState_Number,542,Variable
FailureAlarmType_LatchedState_EffectiveDisplayName,543,Variable
FailureAlarmType_LatchedState_TransitionTime,544,Variable
FailureAlarmType_LatchedState_EffectiveTransitionTime,545,Variable
FailureAlarmType_LatchedState_TrueState,546,Variable
FailureAlarmType_LatchedState_FalseState,547,Variable
FailureAlarmType_AlarmGroup_Placeholder,548,Object
FailureAlarmType_ReAlarmTime,549,Variable
FailureAlarmType_ReAlarmRepeatCount,550,Variable
FailureAlarmType_Silence,551,Method
FailureAlarmType_Suppress,552,Method
FailureAlarmType_Unsuppress,553,Method
FailureAlarmType_RemoveFromService,554,Method
FailureAlarmType_PlaceInService,555,Method
FailureAlarmType_Reset,556,Method
FailureAlarmType_NormalState,557,Variable
CheckFunctionAlarmType,558,ObjectType
CheckFunctionAlarmType_EventId,559,Variable
CheckFunctionAlarmType_EventType,560,Variable
CheckFunctionAlarmType_SourceNode,561,Variable
CheckFunctionAlarmType_SourceName,562,Variable
CheckFunctionAlarmType_Time,563,Variable
CheckFunctionAlarmType_ReceiveTime,564,Variable
CheckFunctionAlarmType_LocalTime,565,Variable
CheckFunctionAlarmType_Message,566,Variable
CheckFunctionAlarmType_Severity,567,Variable
CheckFunctionAlarmType_ConditionClassId,568,Variable
CheckFunctionAlarmType_ConditionClassName,569,Variable
CheckFunctionAlarmType_ConditionSubClassId,570,Variable
CheckFunctionAlarmType_ConditionSubClassName,571,Variable
CheckFunctionAlarmType_ConditionName,572,Variable
CheckFunctionAlarmType_BranchId,573,Variable
CheckFunctionAlarmType_Retain,574,Variable
CheckFunctionAlarmType_EnabledState,575,Variable
CheckFunctionAlarmType_EnabledState_Id,576,Variable
CheckFunctionAlarmType_EnabledState_Name,577,Variable
CheckFunctionAlarmType_EnabledState_Number,578,Variable
CheckFunctionAlarmType_EnabledState_EffectiveDisplayName,579,Variable
CheckFunctionAlarmType_EnabledState_TransitionTime,580,Variable
CheckFunctionAlarmType_EnabledState_EffectiveTransitionTime,581,Variable
CheckFunctionAlarmType_EnabledState_TrueState,582,Variable
CheckFunctionAlarmType_EnabledState_FalseState,583,Variable
CheckFunctionAlarmType_Quality,584,Variable
CheckFunctionAlarmType_Quality_SourceTimestamp,585,Variable
CheckFunctionAlarmType_LastSeverity,586,Variable
CheckFunctionAlarmType_LastSeverity_SourceTimestamp,587,Variable
CheckFunctionAlarmType_Comment,588,Variable
CheckFunctionAlarmType_Comment_SourceTimestamp,589,Variable
CheckFunctionAlarmType_ClientUserId,590,Variable
CheckFunctionAlarmType_Disable,591,Method
CheckFunctionAlarmType_Enable,592,Method
CheckFunctionAlarmType_AddComment,593,Method
CheckFunctionAlarmType_AddComment_InputArguments,594,Variable
CheckFunctionAlarmType_ConditionRefresh,595,Method
CheckFunctionAlarmType_ConditionRefresh_InputArguments,596,Variable
CheckFunctionAlarmType_ConditionRefresh2,597,Method
CheckFunctionAlarmType_ConditionRefresh2_InputArguments,598,Variable
CheckFunctionAlarmType_AckedState,599,Variable
CheckFunctionAlarmType_AckedState_Id,600,Variable
CheckFunctionAlarmType_AckedState_Name,601,Variable
CheckFunctionAlarmType_AckedState_Number,602,Variable
CheckFunctionAlarmType_AckedState_EffectiveDisplayName,603,Variable
CheckFunctionAlarmType_AckedState_TransitionTime,604,Variable
CheckFunctionAlarmType_AckedState_EffectiveTransitionTime,605,Variable
CheckFunctionAlarmType_AckedState_TrueState,606,Variable
CheckFunctionAlarmType_AckedState_FalseState,607,Variable
CheckFunctionAlarmType_ConfirmedState,608,Variable
CheckFunctionAlarmType_ConfirmedState_Id,609,Variable
CheckFunctionAlarmType_ConfirmedState_Name,610,Variable
CheckFunctionAlarmType_ConfirmedState_Number,611,Variable
CheckFunctionAlarmType_ConfirmedState_EffectiveDisplayName,612,Variable
CheckFunctionAlarmType_ConfirmedState_TransitionTime,613,Variable
CheckFunctionAlarmType_ConfirmedState_EffectiveTransitionTime,614,Variable
CheckFunctionAlarmType_ConfirmedState_TrueState,615,Variable
CheckFunctionAlarmType_ConfirmedState_FalseState,616,Variable
CheckFunctionAlarmType_Acknowledge,617,Method
CheckFunctionAlarmType_Acknowledge_InputArguments,618,Variable
CheckFunctionAlarmType_Confirm,619,Method
CheckFunctionAlarmType_Confirm_InputArguments,620,Variable
CheckFunctionAlarmType_ActiveState,621,Variable
CheckFunctionAlarmType_ActiveState_Id,622,Variable
CheckFunctionAlarmType_ActiveState_Name,623,Variable
CheckFunctionAlarmType_ActiveState_Number,624,Variable
CheckFunctionAlarmType_ActiveState_EffectiveDisplayName,625,Variable
CheckFunctionAlarmType_ActiveState_TransitionTime,626,Variable
CheckFunctionAlarmType_ActiveState_EffectiveTransitionTime,627,Variable
CheckFunctionAlarmType_ActiveState_TrueState,628,Variable
CheckFunctionAlarmType_ActiveState_FalseState,629,Variable
CheckFunctionAlarmType_InputNode,630,Variable
CheckFunctionAlarmType_SuppressedState,631,Variable
CheckFunctionAlarmType_SuppressedState_Id,632,Variable
CheckFunctionAlarmType_SuppressedState_Name,633,Variable
CheckFunctionAlarmType_SuppressedState_Number,634,Variable
CheckFunctionAlarmType_SuppressedState_EffectiveDisplayName,635,Variable
CheckFunctionAlarmType_SuppressedState_TransitionTime,636,Variable
CheckFunctionAlarmType_SuppressedState_EffectiveTransitionTime,637,Variable
CheckFunctionAlarmType_SuppressedState_TrueState,638,Variable
CheckFunctionAlarmType_SuppressedState_FalseState,639,Variable
CheckFunctionAlarmType_OutOfServiceState,640,Variable
CheckFunctionAlarmType_OutOfServiceState_Id,641,Variable
CheckFunctionAlarmType_OutOfServiceState_Name,642,Variable
CheckFunctionAlarmType_OutOfServiceState_Number,643,Variable
CheckFunctionAlarmType_OutOfServiceState_EffectiveDisplayName,644,Variable
CheckFunctionAlarmType_OutOfServiceState_TransitionTime,645,Variable
CheckFunctionAlarmType_OutOfServiceState_EffectiveTransitionTime,646,Variable
CheckFunctionAlarmType_OutOfServiceState_TrueState,647,Variable
CheckFunctionAlarmType_OutOfServiceState_FalseState,648,Variable
CheckFunctionAlarmType_ShelvingState,649,Object
CheckFunctionAlarmType_ShelvingState_CurrentState,650,Variable
CheckFunctionAlarmType_ShelvingState_CurrentState_Id,651,Variable
CheckFunctionAlarmType_ShelvingState_CurrentState_Name,652,Variable
CheckFunctionAlarmType_ShelvingState_CurrentState_Number,653,Variable
CheckFunctionAlarmType_ShelvingState_CurrentState_EffectiveDisplayName,654,Variable
CheckFunctionAlarmType_ShelvingState_LastTransition,655,Variable
CheckFunctionAlarmType_ShelvingState_LastTransition_Id,656,Variable
CheckFunctionAlarmType_ShelvingState_LastTransition_Name,657,Variable
CheckFunctionAlarmType_ShelvingState_LastTransition_Number,658,Variable
CheckFunctionAlarmType_ShelvingState_LastTransition_TransitionTime,659,Variable
CheckFunctionAlarmType_ShelvingState_LastTransition_EffectiveTransitionTime,660,Variable
CheckFunctionAlarmType_ShelvingState_AvailableStates,661,Variable
CheckFunctionAlarmType_ShelvingState_AvailableTransitions,662,Variable
CheckFunctionAlarmType_ShelvingState_UnshelveTime,663,Variable
CheckFunctionAlarmType_ShelvingState_TimedShelve,664,Method
CheckFunctionAlarmType_ShelvingState_TimedShelve_InputArguments,665,Variable
CheckFunctionAlarmType_ShelvingState_Unshelve,666,Method
CheckFunctionAlarmType_ShelvingState_OneShotShelve,667,Method
CheckFunctionAlarmType_SuppressedOrShelved,668,Variable
CheckFunctionAlarmType_MaxTimeShelved,669,Variable
CheckFunctionAlarmType_AudibleEnabled,670,Variable
CheckFunctionAlarmType_AudibleSound,671,Variable
CheckFunctionAlarmType_AudibleSound_ListId,672,Variable
CheckFunctionAlarmType_AudibleSound_AgencyId,673,Variable
CheckFunctionAlarmType_AudibleSound_VersionId,674,Variable
CheckFunctionAlarmType_SilenceState,675,Variable
CheckFunctionAlarmType_SilenceState_Id,676,Variable
CheckFunctionAlarmType_SilenceState_Name,677,Variable
CheckFunctionAlarmType_SilenceState_Number,678,Variable
CheckFunctionAlarmType_SilenceState_EffectiveDisplayName,679,Variable
CheckFunctionAlarmType_SilenceState_TransitionTime,680,Variable
CheckFunctionAlarmType_SilenceState_EffectiveTransitionTime,681,Variable
CheckFunctionAlarmType_SilenceState_TrueState,682,Variable
CheckFunctionAlarmType_SilenceState_FalseState,683,Variable
CheckFunctionAlarmType_OnDelay,684,Variable
CheckFunctionAlarmType_OffDelay,685,Variable
CheckFunctionAlarmType_FirstInGroupFlag,686,Variable
CheckFunctionAlarmType_FirstInGroup,687,Object
CheckFunctionAlarmType_LatchedState,688,Variable
CheckFunctionAlarmType_LatchedState_Id,689,Variable
CheckFunctionAlarmType_LatchedState_Name,690,Variable
CheckFunctionAlarmType_LatchedState_Number,691,Variable
CheckFunctionAlarmType_LatchedState_EffectiveDisplayName,692,Variable
CheckFunctionAlarmType_LatchedState_TransitionTime,693,Variable
CheckFunctionAlarmType_LatchedState_EffectiveTransitionTime,694,Variable
CheckFunctionAlarmType_LatchedState_TrueState,695,Variable
CheckFunctionAlarmType_LatchedState_FalseState,696,Variable
CheckFunctionAlarmType_AlarmGroup_Placeholder,697,Object
CheckFunctionAlarmType_ReAlarmTime,698,Variable
CheckFunctionAlarmType_ReAlarmRepeatCount,699,Variable
CheckFunctionAlarmType_Silence,700,Method
CheckFunctionAlarmType_Suppress,701,Method
CheckFunctionAlarmType_Unsuppress,702,Method
CheckFunctionAlarmType_RemoveFromService,703,Method
CheckFunctionAlarmType_PlaceInService,704,Method
CheckFunctionAlarmType_Reset,705,Method
CheckFunctionAlarmType_NormalState,706,Variable
OffSpecAlarmType,707,ObjectType
OffSpecAlarmType_EventId,708,Variable
OffSpecAlarmType_EventType,709,Variable
OffSpecAlarmType_SourceNode,710,Variable
OffSpecAlarmType_SourceName,711,Variable
OffSpecAlarmType_Time,712,Variable
OffSpecAlarmType_ReceiveTime,713,Variable
OffSpecAlarmType_LocalTime,714,Variable
OffSpecAlarmType_Message,715,Variable
OffSpecAlarmType_Severity,716,Variable
OffSpecAlarmType_ConditionClassId,717,Variable
OffSpecAlarmType_ConditionClassName,718,Variable
OffSpecAlarmType_ConditionSubClassId,719,Variable
OffSpecAlarmType_ConditionSubClassName,720,Variable
OffSpecAlarmType_ConditionName,721,Variable
OffSpecAlarmType_BranchId,722,Variable
OffSpecAlarmType_Retain,723,Variable
OffSpecAlarmType_EnabledState,724,Variable
OffSpecAlarmType_EnabledState_Id,725,Variable
OffSpecAlarmType_EnabledState_Name,726,Variable
OffSpecAlarmType_EnabledState_Number,727,Variable
OffSpecAlarmType_EnabledState_EffectiveDisplayName,728,Variable
OffSpecAlarmType_EnabledState_TransitionTime,729,Variable
OffSpecAlarmType_EnabledState_EffectiveTransitionTime,730,Variable
OffSpecAlarmType_EnabledState_TrueState,731,Variable
OffSpecAlarmType_EnabledState_FalseState,732,Variable
OffSpecAlarmType_Quality,733,Variable
OffSpecAlarmType_Quality_SourceTimestamp,734,Variable
OffSpecAlarmType_LastSeverity,735,Variable
OffSpecAlarmType_LastSeverity_SourceTimestamp,736,Variable
OffSpecAlarmType_Comment,737,Variable
OffSpecAlarmType_Comment_SourceTimestamp,738,Variable
OffSpecAlarmType_ClientUserId,739,Variable
OffSpecAlarmType_Disable,740,Method
OffSpecAlarmType_Enable,741,Method
OffSpecAlarmType_AddComment,742,Method
OffSpecAlarmType_AddComment_InputArguments,743,Variable
OffSpecAlarmType_ConditionRefresh,744,Method
OffSpecAlarmType_ConditionRefresh_InputArguments,745,Variable
OffSpecAlarmType_ConditionRefresh2,746,Method
OffSpecAlarmType_ConditionRefresh2_InputArguments,747,Variable
OffSpecAlarmType_AckedState,748,Variable
OffSpecAlarmType_AckedState_Id,749,Variable
OffSpecAlarmType_AckedState_Name,750,Variable
OffSpecAlarmType_AckedState_Number,751,Variable
OffSpecAlarmType_AckedState_EffectiveDisplayName,752,Variable
OffSpecAlarmType_AckedState_TransitionTime,753,Variable
OffSpecAlarmType_AckedState_EffectiveTransitionTime,754,Variable
OffSpecAlarmType_AckedState_TrueState,755,Variable
OffSpecAlarmType_AckedState_FalseState,756,Variable
OffSpecAlarmType_ConfirmedState,757,Variable
OffSpecAlarmType_ConfirmedState_Id,758,Variable
OffSpecAlarmType_ConfirmedState_Name,759,Variable
OffSpecAlarmType_ConfirmedState_Number,760,Variable
OffSpecAlarmType_ConfirmedState_EffectiveDisplayName,761,Variable
OffSpecAlarmType_ConfirmedState_TransitionTime,762,Variable
OffSpecAlarmType_ConfirmedState_EffectiveTransitionTime,763,Variable
OffSpecAlarmType_ConfirmedState_TrueState,764,Variable
OffSpecAlarmType_ConfirmedState_FalseState,765,Variable
OffSpecAlarmType_Acknowledge,766,Method
OffSpecAlarmType_Acknowledge_InputArguments,767,Variable
OffSpecAlarmType_Confirm,768,Method
OffSpecAlarmType_Confirm_InputArguments,769,Variable
OffSpecAlarmType_ActiveState,770,Variable
OffSpecAlarmType_ActiveState_Id,771,Variable
OffSpecAlarmType_ActiveState_Name,772,Variable
OffSpecAlarmType_ActiveState_Number,773,Variable
OffSpecAlarmType_ActiveState_EffectiveDisplayName,774,Variable
OffSpecAlarmType_ActiveState_TransitionTime,775,Variable
OffSpecAlarmType_ActiveState_EffectiveTransitionTime,776,Variable
OffSpecAlarmType_ActiveState_TrueState,777,Variable
OffSpecAlarmType_ActiveState_FalseState,778,Variable
OffSpecAlarmType_InputNode,779,Variable
OffSpecAlarmType_SuppressedState,780,Variable
OffSpecAlarmType_SuppressedState_Id,781,Variable
OffSpecAlarmType_SuppressedState_Name,782,Variable
OffSpecAlarmType_SuppressedState_Number,783,Variable
OffSpecAlarmType_SuppressedState_EffectiveDisplayName,784,Variable
OffSpecAlarmType_SuppressedState_TransitionTime,785,Variable
OffSpecAlarmType_SuppressedState_EffectiveTransitionTime,786,Variable
OffSpecAlarmType_SuppressedState_TrueState,787,Variable
OffSpecAlarmType_SuppressedState_FalseState,788,Variable
OffSpecAlarmType_OutOfServiceState,789,Variable
OffSpecAlarmType_OutOfServiceState_Id,790,Variable
OffSpecAlarmType_OutOfServiceState_Name,791,Variable
OffSpecAlarmType_OutOfServiceState_Number,792,Variable
OffSpecAlarmType_OutOfServiceState_EffectiveDisplayName,793,Variable
OffSpecAlarmType_OutOfServiceState_TransitionTime,794,Variable
OffSpecAlarmType_OutOfServiceState_EffectiveTransitionTime,795,Variable
OffSpecAlarmType_OutOfServiceState_TrueState,796,Variable
OffSpecAlarmType_OutOfServiceState_FalseState,797,Variable
OffSpecAlarmType_ShelvingState,798,Object
OffSpecAlarmType_ShelvingState_CurrentState,799,Variable
OffSpecAlarmType_ShelvingState_CurrentState_Id,800,Variable
OffSpecAlarmType_ShelvingState_CurrentState_Name,801,Variable
OffSpecAlarmType_ShelvingState_CurrentState_Number,802,Variable
OffSpecAlarmType_ShelvingState_CurrentState_EffectiveDisplayName,803,Variable
OffSpecAlarmType_ShelvingState_LastTransition,804,Variable
OffSpecAlarmType_ShelvingState_LastTransition_Id,805,Variable
OffSpecAlarmType_ShelvingState_LastTransition_Name,806,Variable
OffSpecAlarmType_ShelvingState_LastTransition_Number,807,Variable
OffSpecAlarmType_ShelvingState_LastTransition_TransitionTime,808,Variable
OffSpecAlarmType_ShelvingState_LastTransition_EffectiveTransitionTime,809,Variable
OffSpecAlarmType_ShelvingState_AvailableStates,810,Variable
OffSpecAlarmType_ShelvingState_AvailableTransitions,811,Variable
OffSpecAlarmType_ShelvingState_UnshelveTime,812,Variable
OffSpecAlarmType_ShelvingState_TimedShelve,813,Method
OffSpecAlarmType_ShelvingState_TimedShelve_InputArguments,814,Variable
OffSpecAlarmType_ShelvingState_Unshelve,815,Method
OffSpecAlarmType_ShelvingState_OneShotShelve,816,Method
OffSpecAlarmType_SuppressedOrShelved,817,Variable
OffSpecAlarmType_MaxTimeShelved,818,Variable
OffSpecAlarmType_AudibleEnabled,819,Variable
OffSpecAlarmType_AudibleSound,820,Variable
OffSpecAlarmType_AudibleSound_ListId,821,Variable
OffSpecAlarmType_AudibleSound_AgencyId,822,Variable
OffSpecAlarmType_AudibleSound_VersionId,823,Variable
OffSpecAlarmType_SilenceState,824,Variable
OffSpecAlarmType_SilenceState_Id,825,Variable
OffSpecAlarmType_SilenceState_Name,826,Variable
OffSpecAlarmType_SilenceState_Number,827,Variable
OffSpecAlarmType_SilenceState_EffectiveDisplayName,828,Variable
OffSpecAlarmType_SilenceState_TransitionTime,829,Variable
OffSpecAlarmType_SilenceState_EffectiveTransitionTime,830,Variable
OffSpecAlarmType_SilenceState_TrueState,831,Variable
OffSpecAlarmType_SilenceState_FalseState,832,Variable
OffSpecAlarmType_OnDelay,833,Variable
OffSpecAlarmType_OffDelay,834,Variable
OffSpecAlarmType_FirstInGroupFlag,835,Variable
OffSpecAlarmType_FirstInGroup,836,Object
OffSpecAlarmType_LatchedState,837,Variable
OffSpecAlarmType_LatchedState_Id,838,Variable
OffSpecAlarmType_LatchedState_Name,839,Variable
OffSpecAlarmType_LatchedState_Number,840,Variable
OffSpecAlarmType_LatchedState_EffectiveDisplayName,841,Variable
OffSpecAlarmType_LatchedState_TransitionTime,842,Variable
OffSpecAlarmType_LatchedState_EffectiveTransitionTime,843,Variable
OffSpecAlarmType_LatchedState_TrueState,844,Variable
OffSpecAlarmType_LatchedState_FalseState,845,Variable
OffSpecAlarmType_AlarmGroup_Placeholder,846,Object
OffSpecAlarmType_ReAlarmTime,847,Variable
OffSpecAlarmType_ReAlarmRepeatCount,848,Variable
OffSpecAlarmType_Silence,849,Method
OffSpecAlarmType_Suppress,850,Method
OffSpecAlarmType_Unsuppress,851,Method
OffSpecAlarmType_RemoveFromService,852,Method
OffSpecAlarmType_PlaceInService,853,Method
OffSpecAlarmType_Reset,854,Method
OffSpecAlarmType_NormalState,855,Variable
MaintenanceRequiredAlarmType,856,ObjectType
MaintenanceRequiredAlarmType_EventId,857,Variable
MaintenanceRequiredAlarmType_EventType,858,Variable
MaintenanceRequiredAlarmType_SourceNode,859,Variable
MaintenanceRequiredAlarmType_SourceName,860,Variable
MaintenanceRequiredAlarmType_Time,861,Variable
MaintenanceRequiredAlarmType_ReceiveTime,862,Variable
MaintenanceRequiredAlarmType_LocalTime,863,Variable
MaintenanceRequiredAlarmType_Message,864,Variable
MaintenanceRequiredAlarmType_Severity,865,Variable
MaintenanceRequiredAlarmType_ConditionClassId,866,Variable
MaintenanceRequiredAlarmType_ConditionClassName,867,Variable
MaintenanceRequiredAlarmType_ConditionSubClassId,868,Variable
MaintenanceRequiredAlarmType_ConditionSubClassName,869,Variable
MaintenanceRequiredAlarmType_ConditionName,870,Variable
MaintenanceRequiredAlarmType_BranchId,871,Variable
MaintenanceRequiredAlarmType_Retain,872,Variable
MaintenanceRequiredAlarmType_EnabledState,873,Variable
MaintenanceRequiredAlarmType_EnabledState_Id,874,Variable
MaintenanceRequiredAlarmType_EnabledState_Name,875,Variable
MaintenanceRequiredAlarmType_EnabledState_Number,876,Variable
MaintenanceRequiredAlarmType_EnabledState_EffectiveDisplayName,877,Variable
MaintenanceRequiredAlarmType_EnabledState_TransitionTime,878,Variable
MaintenanceRequiredAlarmType_EnabledState_EffectiveTransitionTime,879,Variable
MaintenanceRequiredAlarmType_EnabledState_TrueState,880,Variable
MaintenanceRequiredAlarmType_EnabledState_FalseState,881,Variable
MaintenanceRequiredAlarmType_Quality,882,Variable
MaintenanceRequiredAlarmType_Quality_SourceTimestamp,883,Variable
MaintenanceRequiredAlarmType_LastSeverity,884,Variable
MaintenanceRequiredAlarmType_LastSeverity_SourceTimestamp,885,Variable
MaintenanceRequiredAlarmType_Comment,886,Variable
MaintenanceRequiredAlarmType_Comment_SourceTimestamp,887,Variable
MaintenanceRequiredAlarmType_ClientUserId,888,Variable
MaintenanceRequiredAlarmType_Disable,889,Method
MaintenanceRequiredAlarmType_Enable,890,Method
MaintenanceRequiredAlarmType_AddComment,891,Method
MaintenanceRequiredAlarmType_AddComment_InputArguments,892,Variable
MaintenanceRequiredAlarmType_ConditionRefresh,893,Method
MaintenanceRequiredAlarmType_ConditionRefresh_InputArguments,894,Variable
MaintenanceRequiredAlarmType_ConditionRefresh2,895,Method
MaintenanceRequiredAlarmType_ConditionRefresh2_InputArguments,896,Variable
MaintenanceRequiredAlarmType_AckedState,897,Variable
MaintenanceRequiredAlarmType_AckedState_Id,898,Variable
MaintenanceRequiredAlarmType_AckedState_Name,899,Variable
MaintenanceRequiredAlarmType_AckedState_Number,900,Variable
MaintenanceRequiredAlarmType_AckedState_EffectiveDisplayName,901,Variable
MaintenanceRequiredAlarmType_AckedState_TransitionTime,902,Variable
MaintenanceRequiredAlarmType_AckedState_EffectiveTransitionTime,903,Variable
MaintenanceRequiredAlarmType_AckedState_TrueState,904,Variable
MaintenanceRequiredAlarmType_AckedState_FalseState,905,Variable
MaintenanceRequiredAlarmType_ConfirmedState,906,Variable
MaintenanceRequiredAlarmType_ConfirmedState_Id,907,Variable
MaintenanceRequiredAlarmType_ConfirmedState_Name,908,Variable
MaintenanceRequiredAlarmType_ConfirmedState_Number,909,Variable
MaintenanceRequiredAlarmType_ConfirmedState_EffectiveDisplayName,910,Variable
MaintenanceRequiredAlarmType_ConfirmedState_TransitionTime,911,Variable
MaintenanceRequiredAlarmType_ConfirmedState_EffectiveTransitionTime,912,Variable
MaintenanceRequiredAlarmType_ConfirmedState_TrueState,913,Variable
MaintenanceRequiredAlarmType_ConfirmedState_FalseState,914,Variable
MaintenanceRequiredAlarmType_Acknowledge,915,Method
MaintenanceRequiredAlarmType_Acknowledge_InputArguments,916,Variable
MaintenanceRequiredAlarmType_Confirm,917,Method
MaintenanceRequiredAlarmType_Confirm_InputArguments,918,Variable
MaintenanceRequiredAlarmType_ActiveState,919,Variable
MaintenanceRequiredAlarmType_ActiveState_Id,920,Variable
MaintenanceRequiredAlarmType_ActiveState_Name,921,Variable
MaintenanceRequiredAlarmType_ActiveState_Number,922,Variable
MaintenanceRequiredAlarmType_ActiveState_EffectiveDisplayName,923,Variable
MaintenanceRequiredAlarmType_ActiveState_TransitionTime,924,Variable
MaintenanceRequiredAlarmType_ActiveState_EffectiveTransitionTime,925,Variable
MaintenanceRequiredAlarmType_ActiveState_TrueState,926,Variable
MaintenanceRequiredAlarmType_ActiveState_FalseState,927,Variable
MaintenanceRequiredAlarmType_InputNode,928,Variable
MaintenanceRequiredAlarmType_SuppressedState,929,Variable
MaintenanceRequiredAlarmType_SuppressedState_Id,930,Variable
MaintenanceRequiredAlarmType_SuppressedState_Name,931,Variable
MaintenanceRequiredAlarmType_SuppressedState_Number,932,Variable
MaintenanceRequiredAlarmType_SuppressedState_EffectiveDisplayName,933,Variable
MaintenanceRequiredAlarmType_SuppressedState_TransitionTime,934,Variable
MaintenanceRequiredAlarmType_SuppressedState_EffectiveTransitionTime,935,Variable
MaintenanceRequiredAlarmType_SuppressedState_TrueState,936,Variable
MaintenanceRequiredAlarmType_SuppressedState_FalseState,937,Variable
MaintenanceRequiredAlarmType_OutOfServiceState,938,Variable
MaintenanceRequiredAlarmType_OutOfServiceState_Id,939,Variable
MaintenanceRequiredAlarmType_OutOfServiceState_Name,940,Variable
MaintenanceRequiredAlarmType_OutOfServiceState_Number,941,Variable
MaintenanceRequiredAlarmType_OutOfServiceState_EffectiveDisplayName,942,Variable
MaintenanceRequiredAlarmType_OutOfServiceState_TransitionTime,943,Variable
MaintenanceRequiredAlarmType_OutOfServiceState_EffectiveTransitionTime,944,Variable
MaintenanceRequiredAlarmType_OutOfServiceState_TrueState,945,Variable
MaintenanceRequiredAlarmType_OutOfServiceState_FalseState,946,Variable
MaintenanceRequiredAlarmType_ShelvingState,947,Object
MaintenanceRequiredAlarmType_ShelvingState_CurrentState,948,Variable
MaintenanceRequiredAlarmType_ShelvingState_CurrentState_Id,949,Variable
MaintenanceRequiredAlarmType_ShelvingState_CurrentState_Name,950,Variable
MaintenanceRequiredAlarmType_ShelvingState_CurrentState_Number,951,Variable
MaintenanceRequiredAlarmType_ShelvingState_CurrentState_EffectiveDisplayName,952,Variable
MaintenanceRequiredAlarmType_ShelvingState_LastTransition,953,Variable
MaintenanceRequiredAlarmType_ShelvingState_LastTransition_Id,954,Variable
MaintenanceRequiredAlarmType_ShelvingState_LastTransition_Name,955,Variable
MaintenanceRequiredAlarmType_ShelvingState_LastTransition_Number,956,Variable
MaintenanceRequiredAlarmType_ShelvingState_LastTransition_TransitionTime,957,Variable
MaintenanceRequiredAlarmType_ShelvingState_LastTransition_EffectiveTransitionTime,958,Variable
MaintenanceRequiredAlarmType_ShelvingState_AvailableStates,959,Variable
MaintenanceRequiredAlarmType_ShelvingState_AvailableTransitions,960,Variable
MaintenanceRequiredAlarmType_ShelvingState_UnshelveTime,961,Variable
MaintenanceRequiredAlarmType_ShelvingState_TimedShelve,962,Method
MaintenanceRequiredAlarmType_ShelvingState_TimedShelve_InputArguments,963,Variable
MaintenanceRequiredAlarmType_ShelvingState_Unshelve,964,Method
MaintenanceRequiredAlarmType_ShelvingState_OneShotShelve,965,Method
MaintenanceRequiredAlarmType_SuppressedOrShelved,966,Variable
MaintenanceRequiredAlarmType_MaxTimeShelved,967,Variable
MaintenanceRequiredAlarmType_AudibleEnabled,968,Variable
MaintenanceRequiredAlarmType_AudibleSound,969,Variable
MaintenanceRequiredAlarmType_AudibleSound_ListId,970,Variable
MaintenanceRequiredAlarmType_AudibleSound_AgencyId,971,Variable
MaintenanceRequiredAlarmType_AudibleSound_VersionId,972,Variable
MaintenanceRequiredAlarmType_SilenceState,973,Variable
MaintenanceRequiredAlarmType_SilenceState_Id,974,Variable
MaintenanceRequiredAlarmType_SilenceState_Name,975,Variable
MaintenanceRequiredAlarmType_SilenceState_Number,976,Variable
MaintenanceRequiredAlarmType_SilenceState_EffectiveDisplayName,977,Variable
MaintenanceRequiredAlarmType_SilenceState_TransitionTime,978,Variable
MaintenanceRequiredAlarmType_SilenceState_EffectiveTransitionTime,979,Variable
MaintenanceRequiredAlarmType_SilenceState_TrueState,980,Variable
MaintenanceRequiredAlarmType_SilenceState_FalseState,981,Variable
MaintenanceRequiredAlarmType_OnDelay,982,Variable
MaintenanceRequiredAlarmType_OffDelay,983,Variable
MaintenanceRequiredAlarmType_FirstInGroupFlag,984,Variable
MaintenanceRequiredAlarmType_FirstInGroup,985,Object
MaintenanceRequiredAlarmType_LatchedState,986,Variable
MaintenanceRequiredAlarmType_LatchedState_Id,987,Variable
MaintenanceRequiredAlarmType_LatchedState_Name,988,Variable
MaintenanceRequiredAlarmType_LatchedState_Number,989,Variable
MaintenanceRequiredAlarmType_LatchedState_EffectiveDisplayName,990,Variable
MaintenanceRequiredAlarmType_LatchedState_TransitionTime,991,Variable
MaintenanceRequiredAlarmType_LatchedState_EffectiveTransitionTime,992,Variable
MaintenanceRequiredAlarmType_LatchedState_TrueState,993,Variable
MaintenanceRequiredAlarmType_LatchedState_FalseState,994,Variable
MaintenanceRequiredAlarmType_AlarmGroup_Placeholder,995,Object
MaintenanceRequiredAlarmType_ReAlarmTime,996,Variable
MaintenanceRequiredAlarmType_ReAlarmRepeatCount,997,Variable
MaintenanceRequiredAlarmType_Silence,998,Method
MaintenanceRequiredAlarmType_Suppress,999,Method
MaintenanceRequiredAlarmType_Unsuppress,1000,Method
MaintenanceRequiredAlarmType_RemoveFromService,1001,Method
MaintenanceRequiredAlarmType_PlaceInService,1002,Method
MaintenanceRequiredAlarmType_Reset,1003,Method
MaintenanceRequiredAlarmType_NormalState,1004,Variable
ConfigurableObjectType,1005,ObjectType
ConfigurableObjectType_SupportedTypes,1006,Object
ConfigurableObjectType_ObjectIdentifier,1007,Object
FunctionalGroupType,1008,ObjectType
FunctionalGroupType_GroupIdentifier,1009,Object
FunctionalGroupType_GroupIdentifier_UIElement,1010,Variable
FunctionalGroupType_UIElement,1011,Variable
ProtocolType,1012,ObjectType
DeviceHealthEnumeration,1013,DataType
DeviceHealthEnumeration_EnumStrings,1014,Variable
UIElementType,1015,VariableType
NetworkType,1016,ObjectType
NetworkType_ProfileIdentifier,1017,Object
NetworkType_CPIdentifier,1018,Object
NetworkType_CPIdentifier_ParameterSet,1019,Object
NetworkType_CPIdentifier_ParameterSet_ParameterIdentifier,1020,Variable
NetworkType_CPIdentifier_MethodSet,1021,Object
NetworkType_CPIdentifier_Identification,1022,Object
NetworkType_CPIdentifier_Identification_UIElement,1023,Variable
NetworkType_CPIdentifier_Lock,1024,Object
NetworkType_CPIdentifier_Lock_Locked,1025,Variable
NetworkType_CPIdentifier_Lock_LockingClient,1026,Variable
NetworkType_CPIdentifier_Lock_LockingUser,1027,Variable
NetworkType_CPIdentifier_Lock_RemainingLockTime,1028,Variable
NetworkType_CPIdentifier_Lock_InitLock,1029,Method
NetworkType_CPIdentifier_Lock_InitLock_InputArguments,1030,Variable
NetworkType_CPIdentifier_Lock_InitLock_OutputArguments,1031,Variable
NetworkType_CPIdentifier_Lock_RenewLock,1032,Method
NetworkType_CPIdentifier_Lock_RenewLock_OutputArguments,1033,Variable
NetworkType_CPIdentifier_Lock_ExitLock,1034,Method
NetworkType_CPIdentifier_Lock_ExitLock_OutputArguments,1035,Variable
NetworkType_CPIdentifier_Lock_BreakLock,1036,Method
NetworkType_CPIdentifier_Lock_BreakLock_OutputArguments,1037,Variable
NetworkType_CPIdentifier_NetworkAddress,1038,Object
NetworkType_CPIdentifier_NetworkAddress_UIElement,1039,Variable
NetworkType_Lock,1040,Object
NetworkType_Lock_Locked,1041,Variable
NetworkType_Lock_LockingClient,1042,Variable
NetworkType_Lock_LockingUser,1043,Variable
NetworkType_Lock_RemainingLockTime,1044,Variable
NetworkType_Lock_InitLock,1045,Method
NetworkType_Lock_InitLock_InputArguments,1046,Variable
NetworkType_Lock_InitLock_OutputArguments,1047,Variable
NetworkType_Lock_RenewLock,1048,Method
NetworkType_Lock_RenewLock_OutputArguments,1049,Variable
NetworkType_Lock_ExitLock,1050,Method
NetworkType_Lock_ExitLock_OutputArguments,1051,Variable
NetworkType_Lock_BreakLock,1052,Method
NetworkType_Lock_BreakLock_OutputArguments,1053,Variable
ConnectionPointType,1054,ObjectType
ConnectionPointType_ParameterSet,1055,Object
ConnectionPointType_ParameterSet_ParameterIdentifier,1056,Variable
ConnectionPointType_MethodSet,1057,Object
ConnectionPointType_GroupIdentifier,1058,Object
ConnectionPointType_GroupIdentifier_UIElement,1059,Variable
ConnectionPointType_Identification,1060,Object
ConnectionPointType_Identification_UIElement,1061,Variable
ConnectionPointType_Lock,1062,Object
ConnectionPointType_Lock_Locked,1063,Variable
ConnectionPointType_Lock_LockingClient,1064,Variable
ConnectionPointType_Lock_LockingUser,1065,Variable
ConnectionPointType_Lock_RemainingLockTime,1066,Variable
ConnectionPointType_Lock_InitLock,1067,Method
ConnectionPointType_Lock_InitLock_InputArguments,1068,Variable
ConnectionPointType_Lock_InitLock_OutputArguments,1069,Variable
ConnectionPointType_Lock_RenewLock,1070,Method
ConnectionPointType_Lock_RenewLock_OutputArguments,1071,Variable
ConnectionPointType_Lock_ExitLock,1072,Method
ConnectionPointType_Lock_ExitLock_OutputArguments,1073,Variable
ConnectionPointType_Lock_BreakLock,1074,Method
ConnectionPointType_Lock_BreakLock_OutputArguments,1075,Variable
ConnectionPointType_NetworkAddress,1076,Object
ConnectionPointType_NetworkAddress_UIElement,1077,Variable
ConnectionPointType_ProfileIdentifier,1078,Object
ConnectionPointType_NetworkIdentifier,1079,Object
ConnectionPointType_NetworkIdentifier_Lock,1080,Object
ConnectionPointType_NetworkIdentifier_Lock_Locked,1081,Variable
ConnectionPointType_NetworkIdentifier_Lock_LockingClient,1082,Variable
ConnectionPointType_NetworkIdentifier_Lock_LockingUser,1083,Variable
ConnectionPointType_NetworkIdentifier_Lock_RemainingLockTime,1084,Variable
ConnectionPointType_NetworkIdentifier_Lock_InitLock,1085,Method
ConnectionPointType_NetworkIdentifier_Lock_InitLock_InputArguments,1086,Variable
ConnectionPointType_NetworkIdentifier_Lock_InitLock_OutputArguments,1087,Variable
ConnectionPointType_NetworkIdentifier_Lock_RenewLock,1088,Method
ConnectionPointType_NetworkIdentifier_Lock_RenewLock_OutputArguments,1089,Variable
ConnectionPointType_NetworkIdentifier_Lock_ExitLock,1090,Method
ConnectionPointType_NetworkIdentifier_Lock_ExitLock_OutputArguments,1091,Variable
ConnectionPointType_NetworkIdentifier_Lock_BreakLock,1092,Method
ConnectionPointType_NetworkIdentifier_Lock_BreakLock_OutputArguments,1093,Variable
TransferToDeviceMethodType,1094,Method
TransferToDeviceMethodType_OutputArguments,1095,Variable
TransferFromDeviceMethodType,1096,Method
TransferFromDeviceMethodType_OutputArguments,1097,Variable
FetchTransferResultDataMethodType,1098,Method
FetchTransferResultDataMethodType_InputArguments,1099,Variable
FetchTransferResultDataMethodType_OutputArguments,1100,Variable
FetchResultDataType,1101,DataType
TransferResultErrorDataType,1102,DataType
TransferResultDataDataType,1103,DataType
ParameterResultDataType,1104,DataType
TransferServicesType,1105,ObjectType
TransferServicesType_TransferToDevice,1106,Method
TransferServicesType_TransferToDevice_OutputArguments,1107,Variable
TransferServicesType_TransferFromDevice,1108,Method
TransferServicesType_TransferFromDevice_OutputArguments,1109,Variable
TransferServicesType_FetchTransferResultData,1110,Method
TransferServicesType_FetchTransferResultData_InputArguments,1111,Variable
TransferServicesType_FetchTransferResultData_OutputArguments,1112,Variable
MaxInactiveLockTime,1113,Variable
InitLockMethodType,1114,Method
InitLockMethodType_InputArguments,1115,Variable
InitLockMethodType_OutputArguments,1116,Variable
RenewLockMethodType,1117,Method
RenewLockMethodType_OutputArguments,1118,Variable
ExitLockMethodType,1119,Method
ExitLockMethodType_OutputArguments,1120,Variable
BreakLockMethodType,1121,Method
BreakLockMethodType_OutputArguments,1122,Variable
LockingServicesType,1123,ObjectType
LockingServicesType_DefaultInstanceBrowseName,1124,Variable
LockingServicesType_Locked,1125,Variable
LockingServicesType_LockingClient,1126,Variable
LockingServicesType_LockingUser,1127,Variable
LockingServicesType_RemainingLockTime,1128,Variable
LockingServicesType_InitLock,1129,Method
LockingServicesType_InitLock_InputArguments,1130,Variable
LockingServicesType_InitLock_OutputArguments,1131,Variable
LockingServicesType_RenewLock,1132,Method
LockingServicesType_RenewLock_OutputArguments,1133,Variable
LockingServicesType_ExitLock,1134,Method
LockingServicesType_ExitLock_OutputArguments,1135,Variable
LockingServicesType_BreakLock,1136,Method
LockingServicesType_BreakLock_OutputArguments,1137,Variable
SoftwareUpdateType,1138,ObjectType
SoftwareUpdateType_Loading,1139,Object
SoftwareUpdateType_Loading_UpdateKey,1140,Variable
SoftwareUpdateType_PrepareForUpdate,1141,Object
SoftwareUpdateType_PrepareForUpdate_CurrentState,1142,Variable
SoftwareUpdateType_PrepareForUpdate_CurrentState_Id,1143,Variable
SoftwareUpdateType_PrepareForUpdate_CurrentState_Name,1144,Variable
SoftwareUpdateType_PrepareForUpdate_CurrentState_Number,1145,Variable
SoftwareUpdateType_PrepareForUpdate_CurrentState_EffectiveDisplayName,1146,Variable
SoftwareUpdateType_PrepareForUpdate_LastTransition,1147,Variable
SoftwareUpdateType_PrepareForUpdate_LastTransition_Id,1148,Variable
SoftwareUpdateType_PrepareForUpdate_LastTransition_Name,1149,Variable
SoftwareUpdateType_PrepareForUpdate_LastTransition_Number,1150,Variable
SoftwareUpdateType_PrepareForUpdate_LastTransition_TransitionTime,1151,Variable
SoftwareUpdateType_PrepareForUpdate_LastTransition_EffectiveTransitionTime,1152,Variable
SoftwareUpdateType_PrepareForUpdate_AvailableStates,1153,Variable
SoftwareUpdateType_PrepareForUpdate_AvailableTransitions,1154,Variable
SoftwareUpdateType_PrepareForUpdate_PercentComplete,1155,Variable
SoftwareUpdateType_PrepareForUpdate_Prepare,1156,Method
SoftwareUpdateType_PrepareForUpdate_Abort,1157,Method
SoftwareUpdateType_PrepareForUpdate_Resume,1158,Method
SoftwareUpdateType_Installation,1159,Object
SoftwareUpdateType_Installation_CurrentState,1160,Variable
SoftwareUpdateType_Installation_CurrentState_Id,1161,Variable
SoftwareUpdateType_Installation_CurrentState_Name,1162,Variable
SoftwareUpdateType_Installation_CurrentState_Number,1163,Variable
SoftwareUpdateType_Installation_CurrentState_EffectiveDisplayName,1164,Variable
SoftwareUpdateType_Installation_LastTransition,1165,Variable
SoftwareUpdateType_Installation_LastTransition_Id,1166,Variable
SoftwareUpdateType_Installation_LastTransition_Name,1167,Variable
SoftwareUpdateType_Installation_LastTransition_Number,1168,Variable
SoftwareUpdateType_Installation_LastTransition_TransitionTime,1169,Variable
SoftwareUpdateType_Installation_LastTransition_EffectiveTransitionTime,1170,Variable
SoftwareUpdateType_Installation_AvailableStates,1171,Variable
SoftwareUpdateType_Installation_AvailableTransitions,1172,Variable
SoftwareUpdateType_Installation_PercentComplete,1173,Variable
SoftwareUpdateType_Installation_InstallationDelay,1174,Variable
SoftwareUpdateType_Installation_InstallSoftwarePackage,1175,Method
SoftwareUpdateType_Installation_InstallSoftwarePackage_InputArguments,1176,Variable
SoftwareUpdateType_Installation_InstallSoftwarePackage_OutputArguments,1177,Variable
SoftwareUpdateType_Installation_InstallFiles,1178,Method
SoftwareUpdateType_Installation_InstallFiles_InputArguments,1179,Variable
SoftwareUpdateType_Installation_Resume,1180,Method
SoftwareUpdateType_PowerCycle,1181,Object
SoftwareUpdateType_PowerCycle_CurrentState,1182,Variable
SoftwareUpdateType_PowerCycle_CurrentState_Id,1183,Variable
SoftwareUpdateType_PowerCycle_CurrentState_Name,1184,Variable
SoftwareUpdateType_PowerCycle_CurrentState_Number,1185,Variable
SoftwareUpdateType_PowerCycle_CurrentState_EffectiveDisplayName,1186,Variable
SoftwareUpdateType_PowerCycle_LastTransition,1187,Variable
SoftwareUpdateType_PowerCycle_LastTransition_Id,1188,Variable
SoftwareUpdateType_PowerCycle_LastTransition_Name,1189,Variable
SoftwareUpdateType_PowerCycle_LastTransition_Number,1190,Variable
SoftwareUpdateType_PowerCycle_LastTransition_TransitionTime,1191,Variable
SoftwareUpdateType_PowerCycle_LastTransition_EffectiveTransitionTime,1192,Variable
SoftwareUpdateType_PowerCycle_AvailableStates,1193,Variable
SoftwareUpdateType_PowerCycle_AvailableTransitions,1194,Variable
SoftwareUpdateType_Confirmation,1195,Object
SoftwareUpdateType_Confirmation_CurrentState,1196,Variable
SoftwareUpdateType_Confirmation_CurrentState_Id,1197,Variable
SoftwareUpdateType_Confirmation_CurrentState_Name,1198,Variable
SoftwareUpdateType_Confirmation_CurrentState_Number,1199,Variable
SoftwareUpdateType_Confirmation_CurrentState_EffectiveDisplayName,1200,Variable
SoftwareUpdateType_Confirmation_LastTransition,1201,Variable
SoftwareUpdateType_Confirmation_LastTransition_Id,1202,Variable
SoftwareUpdateType_Confirmation_LastTransition_Name,1203,Variable
SoftwareUpdateType_Confirmation_LastTransition_Number,1204,Variable
SoftwareUpdateType_Confirmation_LastTransition_TransitionTime,1205,Variable
SoftwareUpdateType_Confirmation_LastTransition_EffectiveTransitionTime,1206,Variable
SoftwareUpdateType_Confirmation_AvailableStates,1207,Variable
SoftwareUpdateType_Confirmation_AvailableTransitions,1208,Variable
SoftwareUpdateType_Confirmation_Confirm,1209,Method
SoftwareUpdateType_Confirmation_ConfirmationTimeout,1210,Variable
SoftwareUpdateType_Parameters,1211,Object
SoftwareUpdateType_Parameters_ClientProcessingTimeout,1212,Variable
SoftwareUpdateType_Parameters_GenerateFileForRead,1213,Method
SoftwareUpdateType_Parameters_GenerateFileForRead_InputArguments,1214,Variable
SoftwareUpdateType_Parameters_GenerateFileForRead_OutputArguments,1215,Variable
SoftwareUpdateType_Parameters_GenerateFileForWrite,1216,Method
SoftwareUpdateType_Parameters_GenerateFileForWrite_InputArguments,1217,Variable
SoftwareUpdateType_Parameters_GenerateFileForWrite_OutputArguments,1218,Variable
SoftwareUpdateType_Parameters_CloseAndCommit,1219,Method
SoftwareUpdateType_Parameters_CloseAndCommit_InputArguments,1220,Variable
SoftwareUpdateType_Parameters_CloseAndCommit_OutputArguments,1221,Variable
SoftwareUpdateType_UpdateStatus,1222,Variable
SoftwareUpdateType_VendorErrorCode,1223,Variable
SoftwareUpdateType_DefaultInstanceBrowseName,1224,Variable
SoftwareLoadingType,1225,ObjectType
SoftwareLoadingType_UpdateKey,1226,Variable
PackageLoadingType,1227,ObjectType
PackageLoadingType_UpdateKey,1228,Variable
PackageLoadingType_CurrentVersion,1229,Object
PackageLoadingType_CurrentVersion_Manufacturer,1230,Variable
PackageLoadingType_CurrentVersion_ManufacturerUri,1231,Variable
PackageLoadingType_CurrentVersion_SoftwareRevision,1232,Variable
PackageLoadingType_CurrentVersion_PatchIdentifiers,1233,Variable
PackageLoadingType_CurrentVersion_ReleaseDate,1234,Variable
PackageLoadingType_CurrentVersion_ChangeLogReference,1235,Variable
PackageLoadingType_CurrentVersion_Hash,1236,Variable
PackageLoadingType_FileTransfer,1237,Object
PackageLoadingType_FileTransfer_ClientProcessingTimeout,1238,Variable
PackageLoadingType_FileTransfer_GenerateFileForRead,1239,Method
PackageLoadingType_FileTransfer_GenerateFileForRead_InputArguments,1240,Variable
PackageLoadingType_FileTransfer_GenerateFileForRead_OutputArguments,1241,Variable
PackageLoadingType_FileTransfer_GenerateFileForWrite,1242,Method
PackageLoadingType_FileTransfer_GenerateFileForWrite_InputArguments,1243,Variable
PackageLoadingType_FileTransfer_GenerateFileForWrite_OutputArguments,1244,Variable
PackageLoadingType_FileTransfer_CloseAndCommit,1245,Method
PackageLoadingType_FileTransfer_CloseAndCommit_InputArguments,1246,Variable
PackageLoadingType_FileTransfer_CloseAndCommit_OutputArguments,1247,Variable
PackageLoadingType_ErrorMessage,1248,Variable
PackageLoadingType_WriteBlockSize,1249,Variable
DirectLoadingType,1250,ObjectType
DirectLoadingType_UpdateKey,1251,Variable
DirectLoadingType_CurrentVersion,1252,Object
DirectLoadingType_CurrentVersion_Manufacturer,1253,Variable
DirectLoadingType_CurrentVersion_ManufacturerUri,1254,Variable
DirectLoadingType_CurrentVersion_SoftwareRevision,1255,Variable
DirectLoadingType_CurrentVersion_PatchIdentifiers,1256,Variable
DirectLoadingType_CurrentVersion_ReleaseDate,1257,Variable
DirectLoadingType_CurrentVersion_ChangeLogReference,1258,Variable
DirectLoadingType_CurrentVersion_Hash,1259,Variable
DirectLoadingType_FileTransfer,1260,Object
DirectLoadingType_FileTransfer_ClientProcessingTimeout,1261,Variable
DirectLoadingType_FileTransfer_GenerateFileForRead,1262,Method
DirectLoadingType_FileTransfer_GenerateFileForRead_InputArguments,1263,Variable
DirectLoadingType_FileTransfer_GenerateFileForRead_OutputArguments,1264,Variable
DirectLoadingType_FileTransfer_GenerateFileForWrite,1265,Method
DirectLoadingType_FileTransfer_GenerateFileForWrite_InputArguments,1266,Variable
DirectLoadingType_FileTransfer_GenerateFileForWrite_OutputArguments,1267,Variable
DirectLoadingType_FileTransfer_CloseAndCommit,1268,Method
DirectLoadingType_FileTransfer_CloseAndCommit_InputArguments,1269,Variable
DirectLoadingType_FileTransfer_CloseAndCommit_OutputArguments,1270,Variable
DirectLoadingType_ErrorMessage,1271,Variable
DirectLoadingType_WriteBlockSize,1272,Variable
DirectLoadingType_UpdateBehavior,1273,Variable
DirectLoadingType_WriteTimeout,1274,Variable
CachedLoadingType,1275,ObjectType
CachedLoadingType_UpdateKey,1276,Variable
CachedLoadingType_CurrentVersion,1277,Object
CachedLoadingType_CurrentVersion_Manufacturer,1278,Variable
CachedLoadingType_CurrentVersion_ManufacturerUri,1279,Variable
CachedLoadingType_CurrentVersion_SoftwareRevision,1280,Variable
CachedLoadingType_CurrentVersion_PatchIdentifiers,1281,Variable
CachedLoadingType_CurrentVersion_ReleaseDate,1282,Variable
CachedLoadingType_CurrentVersion_ChangeLogReference,1283,Variable
CachedLoadingType_CurrentVersion_Hash,1284,Variable
CachedLoadingType_FileTransfer,1285,Object
CachedLoadingType_FileTransfer_ClientProcessingTimeout,1286,Variable
CachedLoadingType_FileTransfer_GenerateFileForRead,1287,Method
CachedLoadingType_FileTransfer_GenerateFileForRead_InputArguments,1288,Variable
CachedLoadingType_FileTransfer_GenerateFileForRead_OutputArguments,1289,Variable
CachedLoadingType_FileTransfer_GenerateFileForWrite,1290,Method
CachedLoadingType_FileTransfer_GenerateFileForWrite_InputArguments,1291,Variable
CachedLoadingType_FileTransfer_GenerateFileForWrite_OutputArguments,1292,Variable
CachedLoadingType_FileTransfer_CloseAndCommit,1293,Method
CachedLoadingType_FileTransfer_CloseAndCommit_InputArguments,1294,Variable
CachedLoadingType_FileTransfer_CloseAndCommit_OutputArguments,1295,Variable
CachedLoadingType_ErrorMessage,1296,Variable
CachedLoadingType_WriteBlockSize,1297,Variable
CachedLoadingType_PendingVersion,1298,Object
CachedLoadingType_PendingVersion_Manufacturer,1299,Variable
CachedLoadingType_PendingVersion_ManufacturerUri,1300,Variable
CachedLoadingType_PendingVersion_SoftwareRevision,1301,Variable
CachedLoadingType_PendingVersion_PatchIdentifiers,1302,Variable
CachedLoadingType_PendingVersion_ReleaseDate,1303,Variable
CachedLoadingType_PendingVersion_ChangeLogReference,1304,Variable
CachedLoadingType_PendingVersion_Hash,1305,Variable
CachedLoadingType_FallbackVersion,1306,Object
CachedLoadingType_FallbackVersion_Manufacturer,1307,Variable
CachedLoadingType_FallbackVersion_ManufacturerUri,1308,Variable
CachedLoadingType_FallbackVersion_SoftwareRevision,1309,Variable
CachedLoadingType_FallbackVersion_PatchIdentifiers,1310,Variable
CachedLoadingType_FallbackVersion_ReleaseDate,1311,Variable
CachedLoadingType_FallbackVersion_ChangeLogReference,1312,Variable
CachedLoadingType_FallbackVersion_Hash,1313,Variable
CachedLoadingType_GetUpdateBehavior,1314,Method
CachedLoadingType_GetUpdateBehavior_InputArguments,1315,Variable
CachedLoadingType_GetUpdateBehavior_OutputArguments,1316,Variable
FileSystemLoadingType,1317,ObjectType
FileSystemLoadingType_UpdateKey,1318,Variable
FileSystemLoadingType_FileSystem,1319,Object
FileSystemLoadingType_FileSystem_CreateDirectory,1320,Method
FileSystemLoadingType_FileSystem_CreateDirectory_InputArguments,1321,Variable
FileSystemLoadingType_FileSystem_CreateDirectory_OutputArguments,1322,Variable
FileSystemLoadingType_FileSystem_CreateFile,1323,Method
FileSystemLoadingType_FileSystem_CreateFile_InputArguments,1324,Variable
FileSystemLoadingType_FileSystem_CreateFile_OutputArguments,1325,Variable
FileSystemLoadingType_FileSystem_DeleteFileSystemObject,1326,Method
FileSystemLoadingType_FileSystem_DeleteFileSystemObject_InputArguments,1327,Variable
FileSystemLoadingType_FileSystem_MoveOrCopy,1328,Method
FileSystemLoadingType_FileSystem_MoveOrCopy_InputArguments,1329,Variable
FileSystemLoadingType_FileSystem_MoveOrCopy_OutputArguments,1330,Variable
FileSystemLoadingType_GetUpdateBehavior,1331,Method
FileSystemLoadingType_GetUpdateBehavior_InputArguments,1332,Variable
FileSystemLoadingType_GetUpdateBehavior_OutputArguments,1333,Variable
FileSystemLoadingType_ValidateFiles,1334,Method
FileSystemLoadingType_ValidateFiles_InputArguments,1335,Variable
FileSystemLoadingType_ValidateFiles_OutputArguments,1336,Variable
SoftwareVersionType,1337,ObjectType
SoftwareVersionType_Manufacturer,1338,Variable
SoftwareVersionType_ManufacturerUri,1339,Variable
SoftwareVersionType_SoftwareRevision,1340,Variable
SoftwareVersionType_PatchIdentifiers,1341,Variable
SoftwareVersionType_ReleaseDate,1342,Variable
SoftwareVersionType_ChangeLogReference,1343,Variable
SoftwareVersionType_Hash,1344,Variable
PrepareForUpdateStateMachineType,1345,ObjectType
PrepareForUpdateStateMachineType_CurrentState,1346,Variable
PrepareForUpdateStateMachineType_CurrentState_Id,1347,Variable
PrepareForUpdateStateMachineType_CurrentState_Name,1348,Variable
PrepareForUpdateStateMachineType_CurrentState_Number,1349,Variable
PrepareForUpdateStateMachineType_CurrentState_EffectiveDisplayName,1350,Variable
PrepareForUpdateStateMachineType_LastTransition,1351,Variable
PrepareForUpdateStateMachineType_LastTransition_Id,1352,Variable
PrepareForUpdateStateMachineType_LastTransition_Name,1353,Variable
PrepareForUpdateStateMachineType_LastTransition_Number,1354,Variable
PrepareForUpdateStateMachineType_LastTransition_TransitionTime,1355,Variable
PrepareForUpdateStateMachineType_LastTransition_EffectiveTransitionTime,1356,Variable
PrepareForUpdateStateMachineType_AvailableStates,1357,Variable
PrepareForUpdateStateMachineType_AvailableTransitions,1358,Variable
PrepareForUpdateStateMachineType_PercentComplete,1359,Variable
PrepareForUpdateStateMachineType_Prepare,1360,Method
PrepareForUpdateStateMachineType_Abort,1361,Method
PrepareForUpdateStateMachineType_Resume,1362,Method
PrepareForUpdateStateMachineType_Idle,1363,Object
PrepareForUpdateStateMachineType_Idle_StateNumber,1364,Variable
PrepareForUpdateStateMachineType_Preparing,1365,Object
PrepareForUpdateStateMachineType_Preparing_StateNumber,1366,Variable
PrepareForUpdateStateMachineType_PreparedForUpdate,1367,Object
PrepareForUpdateStateMachineType_PreparedForUpdate_StateNumber,1368,Variable
PrepareForUpdateStateMachineType_Resuming,1369,Object
PrepareForUpdateStateMachineType_Resuming_StateNumber,1370,Variable
PrepareForUpdateStateMachineType_IdleToPreparing,1371,Object
PrepareForUpdateStateMachineType_IdleToPreparing_TransitionNumber,1372,Variable
PrepareForUpdateStateMachineType_PreparingToIdle,1373,Object
PrepareForUpdateStateMachineType_PreparingToIdle_TransitionNumber,1374,Variable
PrepareForUpdateStateMachineType_PreparingToPreparedForUpdate,1375,Object
PrepareForUpdateStateMachineType_PreparingToPreparedForUpdate_TransitionNumber,1376,Variable
PrepareForUpdateStateMachineType_PreparedForUpdateToResuming,1377,Object
PrepareForUpdateStateMachineType_PreparedForUpdateToResuming_TransitionNumber,1378,Variable
PrepareForUpdateStateMachineType_ResumingToIdle,1379,Object
PrepareForUpdateStateMachineType_ResumingToIdle_TransitionNumber,1380,Variable
InstallationStateMachineType,1381,ObjectType
InstallationStateMachineType_CurrentState,1382,Variable
InstallationStateMachineType_CurrentState_Id,1383,Variable
InstallationStateMachineType_CurrentState_Name,1384,Variable
InstallationStateMachineType_CurrentState_Number,1385,Variable
InstallationStateMachineType_CurrentState_EffectiveDisplayName,1386,Variable
InstallationStateMachineType_LastTransition,1387,Variable
InstallationStateMachineType_LastTransition_Id,1388,Variable
InstallationStateMachineType_LastTransition_Name,1389,Variable
InstallationStateMachineType_LastTransition_Number,1390,Variable
InstallationStateMachineType_LastTransition_TransitionTime,1391,Variable
InstallationStateMachineType_LastTransition_EffectiveTransitionTime,1392,Variable
InstallationStateMachineType_AvailableStates,1393,Variable
InstallationStateMachineType_AvailableTransitions,1394,Variable
InstallationStateMachineType_PercentComplete,1395,Variable
InstallationStateMachineType_InstallationDelay,1396,Variable
InstallationStateMachineType_InstallSoftwarePackage,1397,Method
InstallationStateMachineType_InstallSoftwarePackage_InputArguments,1398,Variable
InstallationStateMachineType_InstallSoftwarePackage_OutputArguments,1399,Variable
InstallationStateMachineType_InstallFiles,1400,Method
InstallationStateMachineType_InstallFiles_InputArguments,1401,Variable
InstallationStateMachineType_Resume,1402,Method
InstallationStateMachineType_Idle,1403,Object
InstallationStateMachineType_Idle_StateNumber,1404,Variable
InstallationStateMachineType_Installing,1405,Object
InstallationStateMachineType_Installing_StateNumber,1406,Variable
InstallationStateMachineType_Error,1407,Object
InstallationStateMachineType_Error_StateNumber,1408,Variable
InstallationStateMachineType_IdleToInstalling,1409,Object
InstallationStateMachineType_IdleToInstalling_TransitionNumber,1410,Variable
InstallationStateMachineType_InstallingToIdle,1411,Object
InstallationStateMachineType_InstallingToIdle_TransitionNumber,1412,Variable
InstallationStateMachineType_InstallingToError,1413,Object
InstallationStateMachineType_InstallingToError_TransitionNumber,1414,Variable
InstallationStateMachineType_ErrorToIdle,1415,Object
InstallationStateMachineType_ErrorToIdle_TransitionNumber,1416,Variable
PowerCycleStateMachineType,1417,ObjectType
PowerCycleStateMachineType_CurrentState,1418,Variable
PowerCycleStateMachineType_CurrentState_Id,1419,Variable
PowerCycleStateMachineType_CurrentState_Name,1420,Variable
PowerCycleStateMachineType_CurrentState_Number,1421,Variable
PowerCycleStateMachineType_CurrentState_EffectiveDisplayName,1422,Variable
PowerCycleStateMachineType_LastTransition,1423,Variable
PowerCycleStateMachineType_LastTransition_Id,1424,Variable
PowerCycleStateMachineType_LastTransition_Name,1425,Variable
PowerCycleStateMachineType_LastTransition_Number,1426,Variable
PowerCycleStateMachineType_LastTransition_TransitionTime,1427,Variable
PowerCycleStateMachineType_LastTransition_EffectiveTransitionTime,1428,Variable
PowerCycleStateMachineType_AvailableStates,1429,Variable
PowerCycleStateMachineType_AvailableTransitions,1430,Variable
PowerCycleStateMachineType_NotWaitingForPowerCycle,1431,Object
PowerCycleStateMachineType_NotWaitingForPowerCycle_StateNumber,1432,Variable
PowerCycleStateMachineType_WaitingForPowerCycle,1433,Object
PowerCycleStateMachineType_WaitingForPowerCycle_StateNumber,1434,Variable
PowerCycleStateMachineType_NotWaitingForPowerCycleToWaitingForPowerCycle,1435,Object
PowerCycleStateMachineType_NotWaitingForPowerCycleToWaitingForPowerCycle_TransitionNumber,1436,Variable
PowerCycleStateMachineType_WaitingForPowerCycleToNotWaitingForPowerCycle,1437,Object
PowerCycleStateMachineType_WaitingForPowerCycleToNotWaitingForPowerCycle_TransitionNumber,1438,Variable
ConfirmationStateMachineType,1439,ObjectType
ConfirmationStateMachineType_CurrentState,1440,Variable
ConfirmationStateMachineType_CurrentState_Id,1441,Variable
ConfirmationStateMachineType_CurrentState_Name,1442,Variable
ConfirmationStateMachineType_CurrentState_Number,1443,Variable
ConfirmationStateMachineType_CurrentState_EffectiveDisplayName,1444,Variable
ConfirmationStateMachineType_LastTransition,1445,Variable
ConfirmationStateMachineType_LastTransition_Id,1446,Variable
ConfirmationStateMachineType_LastTransition_Name,1447,Variable
ConfirmationStateMachineType_LastTransition_Number,1448,Variable
ConfirmationStateMachineType_LastTransition_TransitionTime,1449,Variable
ConfirmationStateMachineType_LastTransition_EffectiveTransitionTime,1450,Variable
ConfirmationStateMachineType_AvailableStates,1451,Variable
ConfirmationStateMachineType_AvailableTransitions,1452,Variable
ConfirmationStateMachineType_Confirm,1453,Method
ConfirmationStateMachineType_ConfirmationTimeout,1454,Variable
ConfirmationStateMachineType_NotWaitingForConfirm,1455,Object
ConfirmationStateMachineType_NotWaitingForConfirm_StateNumber,1456,Variable
ConfirmationStateMachineType_WaitingForConfirm,1457,Object
ConfirmationStateMachineType_WaitingForConfirm_StateNumber,1458,Variable
ConfirmationStateMachineType_NotWaitingForConfirmToWaitingForConfirm,1459,Object
ConfirmationStateMachineType_NotWaitingForConfirmToWaitingForConfirm_TransitionNumber,1460,Variable
ConfirmationStateMachineType_WaitingForConfirmToNotWaitingForConfirm,1461,Object
ConfirmationStateMachineType_WaitingForConfirmToNotWaitingForConfirm_TransitionNumber,1462,Variable
SoftwareVersionFileType,1463,DataType
SoftwareVersionFileType_EnumStrings,1464,Variable
UpdateBehavior,1465,DataType
UpdateBehavior_OptionSetValues,1466,Variable
InstallSoftwarePackageMethodType,1467,Method
InstallSoftwarePackageMethodType_InputArguments,1468,Variable
InstallFilesMethodType,1469,Method
InstallFilesMethodType_InputArguments,1470,Variable
GetUpdateBehaviorFileSystemMethodType,1471,Method
GetUpdateBehaviorFileSystemMethodType_InputArguments,1472,Variable
GetUpdateBehaviorFileSystemMethodType_OutputArguments,1473,Variable
ValidateFilesMethodType,1474,Method
ValidateFilesMethodType_InputArguments,1475,Variable
ValidateFilesMethodType_OutputArguments,1476,Variable
GetUpdateBehaviorCachedLoadingMethodType,1477,Method
GetUpdateBehaviorCachedLoadingMethodType_InputArguments,1478,Variable
GetUpdateBehaviorCachedLoadingMethodType_OutputArguments,1479,Variable
FetchResultDataType_Encoding_DefaultBinary,1480,Object
TransferResultErrorDataType_Encoding_DefaultBinary,1481,Object
TransferResultDataDataType_Encoding_DefaultBinary,1482,Object
ParameterResultDataType_Encoding_DefaultBinary,1483,Object
OpcUaDi_BinarySchema,1484,Variable
OpcUaDi_BinarySchema_DataTypeVersion,1485,Variable
OpcUaDi_BinarySchema_NamespaceUri,1486,Variable
OpcUaDi_BinarySchema_Deprecated,1487,Variable
OpcUaDi_BinarySchema_FetchResultDataType,1488,Variable
OpcUaDi_BinarySchema_FetchResultDataType_DataTypeVersion,1489,Variable
OpcUaDi_BinarySchema_FetchResultDataType_DictionaryFragment,1490,Variable
OpcUaDi_BinarySchema_TransferResultErrorDataType,1491,Variable
OpcUaDi_BinarySchema_TransferResultErrorDataType_DataTypeVersion,1492,Variable
OpcUaDi_BinarySchema_TransferResultErrorDataType_DictionaryFragment,1493,Variable
OpcUaDi_BinarySchema_TransferResultDataDataType,1494,Variable
OpcUaDi_BinarySchema_TransferResultDataDataType_DataTypeVersion,1495,Variable
OpcUaDi_BinarySchema_TransferResultDataDataType_DictionaryFragment,1496,Variable
OpcUaDi_BinarySchema_ParameterResultDataType,1497,Variable
OpcUaDi_BinarySchema_ParameterResultDataType_DataTypeVersion,1498,Variable
OpcUaDi_BinarySchema_ParameterResultDataType_DictionaryFragment,1499,Variable
FetchResultDataType_Encoding_DefaultXml,1500,Object
TransferResultErrorDataType_Encoding_DefaultXml,1501,Object
TransferResultDataDataType_Encoding_DefaultXml,1502,Object
ParameterResultDataType_Encoding_DefaultXml,1503,Object
OpcUaDi_XmlSchema,1504,Variable
OpcUaDi_XmlSchema_DataTypeVersion,1505,Variable
OpcUaDi_XmlSchema_NamespaceUri,1506,Variable
OpcUaDi_XmlSchema_Deprecated,1507,Variable
OpcUaDi_XmlSchema_FetchResultDataType,1508,Variable
OpcUaDi_XmlSchema_FetchResultDataType_DataTypeVersion,1509,Variable
OpcUaDi_XmlSchema_FetchResultDataType_DictionaryFragment,1510,Variable
OpcUaDi_XmlSchema_TransferResultErrorDataType,1511,Variable
OpcUaDi_XmlSchema_TransferResultErrorDataType_DataTypeVersion,1512,Variable
OpcUaDi_XmlSchema_TransferResultErrorDataType_DictionaryFragment,1513,Variable
OpcUaDi_XmlSchema_TransferResultDataDataType,1514,Variable
OpcUaDi_XmlSchema_TransferResultDataDataType_DataTypeVersion,1515,Variable
OpcUaDi_XmlSchema_TransferResultDataDataType_DictionaryFragment,1516,Variable
OpcUaDi_XmlSchema_ParameterResultDataType,1517,Variable
OpcUaDi_XmlSchema_ParameterResultDataType_DataTypeVersion,1518,Variable
OpcUaDi_XmlSchema_ParameterResultDataType_DictionaryFragment,1519,Variable
FetchResultDataType_Encoding_DefaultJson,1520,Object
TransferResultErrorDataType_Encoding_DefaultJson,1521,Object
TransferResultDataDataType_Encoding_DefaultJson,1522,Object
ParameterResultDataType_Encoding_DefaultJson,1523,Object
