BlockType,233,ObjectType
CachedLoadingType,1275,ObjectType
CheckFunctionAlarmType,558,ObjectType
ComponentType,93,ObjectType
ConfigurableObjectType,1005,ObjectType
ConfirmationStateMachineType,1439,ObjectType
ConnectionPointType,1054,ObjectType
ConnectsTo,35,ReferenceType
ConnectsToParent,36,ReferenceType
DeviceFeatures,39,Object
DeviceHealthDiagnosticAlarmType,260,ObjectType
DeviceHealthEnumeration,1013,DataType
DeviceSet,38,Object
DeviceTopology,41,Object
DeviceType,129,ObjectType
DirectLoadingType,1250,ObjectType
FailureAlarmType,409,ObjectType
FetchResultDataType,1101,DataType
FetchResultDataType_Encoding_DefaultBinary,1480,Object
FetchResultDataType_Encoding_DefaultJson,1520,Object
FetchResultDataType_Encoding_DefaultXml,1500,Object
FileSystemLoadingType,1317,ObjectType
FunctionalGroupType,1008,ObjectType
IDeviceHealthType,81,ObjectType
InstallationStateMachineType,1381,ObjectType
IsOnline,37,ReferenceType
ISupportInfoType,84,ObjectType
ITagNameplateType,78,ObjectType
IVendorNameplateType,65,ObjectType
LockingServicesType,1123,ObjectType
MaintenanceRequiredAlarmType,856,ObjectType
MaxInactiveLockTime,1113,Variable
NetworkSet,40,Object
NetworkType,1016,ObjectType
OffSpecAlarmType,707,ObjectType
OpcUaDi_BinarySchema,1484,Variable
OpcUaDi_XmlSchema,1504,Variable
OPCUADINamespaceMetadata,1,Object
PackageLoadingType,1227,ObjectType
ParameterResultDataType,1104,DataType
ParameterResultDataType_Encoding_DefaultBinary,1483,Object
ParameterResultDataType_Encoding_DefaultJson,1523,Object
ParameterResultDataType_Encoding_DefaultXml,1503,Object
PowerCycleStateMachineType,1417,ObjectType
PrepareForUpdateStateMachineType,1345,ObjectType
ProtocolType,1012,ObjectType
SoftwareLoadingType,1225,ObjectType
SoftwareType,197,ObjectType
SoftwareUpdateType,1138,ObjectType
SoftwareVersionFileType,1463,DataType
SoftwareVersionType,1337,ObjectType
TopologyElementType,43,ObjectType
TransferResultDataDataType,1103,DataType
TransferResultDataDataType_Encoding_DefaultBinary,1482,Object
TransferResultDataDataType_Encoding_DefaultJson,1522,Object
TransferResultDataDataType_Encoding_DefaultXml,1502,Object
TransferResultErrorDataType,1102,DataType
TransferResultErrorDataType_Encoding_DefaultBinary,1481,Object
TransferResultErrorDataType_Encoding_DefaultJson,1521,Object
TransferResultErrorDataType_Encoding_DefaultXml,1501,Object
TransferServicesType,1105,ObjectType
UIElementType,1015,VariableType
UpdateBehavior,1465,DataType
