AnalogSensorFunctionType,289,ObjectType
AnalogSensorFunctionWithCompensationType,504,ObjectType
BaseSensorFunctionOperationalType,1076,ObjectType
BaseSensorFunctionParameterSetType,244,ObjectType
BaseSensorFunctionType,53,ObjectType
ComponentSetType,943,ObjectType
FunctionalUnitSetType,51,ObjectType
FunctionalUnitType,28,ObjectType
FunctionSetType,27,ObjectType
FunctionType,1,ObjectType
LADSBaseStateMachineType,765,ObjectType
LADSComponentType,906,ObjectType
LADSDeviceType,949,ObjectType
ProgramManagerType,792,ObjectType
ProgramTemplateSetType,788,ObjectType
ProgramTemplateType,779,ObjectType
ResultSetType,790,ObjectType
SupportedPropertySetType,719,ObjectType
